Player,Age,Tm,First,Pts Won,Pts Max,Share,G,MP,PTS,TRB,AST,STL,BLK,FG%,3P%,FT%,WS,WS/48,name_id,Year
Alvin Robertson,23,SAS,30,30,78,0.385,82,35.1,17,6.3,5.5,3.7,0.5,0.514,0.276,0.795,8.6,0.143,roberal01,1986
Charles Barkley,22,PHI,18.5,18.5,78,0.237,80,36.9,20,12.8,3.9,2.2,1.6,0.572,0.227,0.685,10.8,0.176,barklch01,1986
Kevin Willis,23,ATL,8,8,78,0.103,82,28,12.3,8.6,0.5,0.8,0.5,0.517,0,0.654,4.7,0.099,willike02,1986
Dominique Wilkins,26,ATL,6.5,6.5,78,0.083,78,39.1,30.3,7.9,2.6,1.8,0.6,0.468,0.186,0.818,10.8,0.17,wilkido01,1986
Dale Ellis,26,SEA,33,33,78,0.423,82,37.5,24.9,5.5,2.9,1.3,0.4,0.516,0.358,0.787,9.3,0.145,ellisda01,1987
James Donaldson,29,DAL,6,6,78,0.077,82,36.9,10.8,11.9,0.8,0.6,1.7,0.586,,0.812,10.4,0.166,donalja01,1987
Sleepy Floyd,26,GSW,5,5,78,0.064,82,37.4,18.8,3.3,10.3,1.8,0.2,0.488,0.384,0.86,10,0.157,floydsl01,1987
Fat Lever,26,DEN,5,5,78,0.064,82,37.2,18.9,8.9,8,2.5,0.4,0.469,0.239,0.782,9.7,0.153,leverfa01,1987
Otis Thorpe,24,SAC,5,5,78,0.064,82,36,18.9,10,2.5,0.6,0.7,0.54,0,0.761,9,0.146,thorpot01,1987
Kevin Willis,24,ATL,5,5,78,0.064,81,32.4,16.1,10.5,0.8,0.8,0.8,0.536,0.25,0.709,8.6,0.156,willike02,1987
Gerald Wilkins,23,NYK,4,4,78,0.051,80,34.5,19.1,3.7,4.4,1.1,0.2,0.486,0.351,0.701,3.3,0.057,wilkige01,1987
Terry Porter,23,POR,3,3,78,0.038,80,33.9,13.1,4.2,8.9,2,0.1,0.488,0.217,0.838,6.8,0.12,portete01,1987
Michael Cage,25,LAC,2,2,78,0.026,80,36.5,15.7,11.5,1.6,1.2,0.8,0.521,0,0.73,7.2,0.119,cagemi01,1987
Steve Johnson,29,POR,2,2,78,0.026,79,29.7,16.8,7.2,2,0.6,1,0.556,,0.698,4.4,0.091,johnsst03,1987
Karl Malone,23,UTA,2,2,78,0.026,82,34.8,21.7,10.4,1.9,1.3,0.7,0.512,0,0.598,6.9,0.116,malonka01,1987
Tim McCormick,24,PHI,2,2,78,0.026,81,34.8,12.8,7.5,1.4,0.4,0.8,0.545,0,0.719,6,0.102,mccorti01,1987
Charles Barkley,23,PHI,1,1,78,0.013,68,40.3,23,14.6,4.9,1.8,1.5,0.594,0.202,0.761,12,0.21,barklch01,1987
Bob Hansen,26,UTA,1,1,78,0.013,72,20.2,9.7,2.8,1.4,0.6,0.1,0.453,0.356,0.76,2.6,0.085,hansebo01,1987
John Paxson,26,CHI,1,1,78,0.013,82,32.8,11.3,1.7,5.7,0.8,0.1,0.487,0.371,0.809,6,0.106,paxsojo01,1987
Larry Smith,29,GSW,1,1,78,0.013,80,29.7,8.8,11.5,1.2,0.9,0.7,0.546,0,0.574,5.4,0.109,smithla01,1987
Kevin Duckworth,23,POR,33,33,80,0.413,78,28.5,15.8,7.4,0.8,0.4,0.4,0.496,,0.77,5.2,0.112,duckwke01,1988
John Stockton,25,UTA,15,15,80,0.188,82,34.7,14.7,2.9,13.8,3,0.2,0.574,0.358,0.84,14.1,0.238,stockjo01,1988
Mark Price,23,CLE,11,11,80,0.138,80,32.8,16,2.3,6,1.2,0.2,0.506,0.486,0.877,7.8,0.143,pricema01,1988
Michael Adams,25,DEN,7,7,80,0.088,82,33.9,13.9,2.7,6.1,2,0.2,0.449,0.367,0.834,7.5,0.13,adamsmi01,1988
Jerome Kersey,25,POR,5,5,80,0.063,79,36.6,19.2,8.3,3.1,1.6,0.8,0.499,0.2,0.735,8.6,0.144,kerseje01,1988
Randy Breuer,27,MIL,3,3,80,0.038,81,27.9,12,6.8,1.3,0.6,1.3,0.495,,0.657,5.1,0.109,breuera01,1988
Frank Brickowski,28,SAS,3,3,80,0.038,70,31.8,16,6.9,3.8,1.1,0.5,0.528,0.2,0.768,4.1,0.088,brickfr01,1988
John Battle,25,ATL,1,1,80,0.013,67,18.3,10.6,1.7,2.4,0.5,0.1,0.454,0.39,0.75,2.3,0.092,battljo01,1988
Byron Scott,26,LAL,1,1,80,0.013,81,37.6,21.7,4.1,4.1,1.9,0.3,0.527,0.346,0.858,10.7,0.168,scottby01,1988
Roy Tarpley,23,DAL,1,1,80,0.013,81,28.5,13.5,11.8,1.1,1.3,1.1,0.5,0,0.74,7.8,0.163,tarplro01,1988
Kevin Johnson,22,PHO,48,48,85,0.565,81,39.2,20.4,4.2,12.2,1.7,0.3,0.505,0.091,0.882,12.2,0.184,johnske02,1989
Reggie Lewis,23,BOS,14,14,85,0.165,81,32.8,18.5,4.7,2.7,1.5,0.9,0.486,0.136,0.787,6.9,0.124,lewisre01,1989
Chris Mullin,25,GSW,12,12,85,0.141,82,37.7,26.5,5.9,5.1,2.1,0.5,0.509,0.23,0.892,10.6,0.165,mullich01,1989
Ron Anderson,30,PHI,2,2,85,0.024,82,31.9,16.2,5,1.7,0.9,0.3,0.491,0.182,0.856,4.4,0.081,anderro01,1989
Ken Norman,24,LAC,2,2,85,0.024,80,37.8,18.1,8.3,3.5,1.3,0.8,0.502,0.19,0.63,4,0.064,normake01,1989
Kelly Tripucka,29,CHH,2,2,85,0.024,71,32.4,22.6,3.8,3.2,1.2,0.2,0.467,0.357,0.866,3.3,0.069,tripuke01,1989
Patrick Ewing,26,NYK,1,1,85,0.012,80,36.2,22.7,9.3,2.4,1.5,3.5,0.567,0,0.746,10.9,0.181,ewingpa01,1989
Larry Krystkowiak,24,MIL,1,1,85,0.012,80,30.9,12.7,7.6,1.3,1.2,0.1,0.473,0.333,0.823,6.3,0.122,krystla01,1989
Derrick McKey,22,SEA,1,1,85,0.012,82,34.2,15.9,5.7,2.7,1.3,0.9,0.502,0.337,0.803,7.4,0.126,mckeyde01,1989
Scottie Pippen,23,CHI,1,1,85,0.012,73,33.1,14.4,6.1,3.5,1.9,0.8,0.476,0.273,0.668,4,0.08,pippesc01,1989
Dennis Rodman,27,DET,1,1,85,0.012,82,26.9,9,9.4,1.2,0.7,0.9,0.595,0.231,0.626,8.1,0.175,rodmade01,1989
Rony Seikaly,24,MIA,37,37,92,0.402,74,32.6,16.6,10.4,1.1,1.1,1.7,0.502,0,0.594,3.2,0.063,seikaro01,1990
Reggie Miller,24,IND,30,30,92,0.326,82,38.9,24.6,3.6,3.8,1.3,0.2,0.514,0.414,0.868,12.1,0.182,millere01,1990
Tony Campbell,27,MIN,13,13,92,0.141,82,38.6,23.2,5.5,2.6,1.4,0.4,0.457,0.167,0.787,5.3,0.081,campbto01,1990
Jeff Hornacek,26,PHO,4,4,92,0.043,67,34,17.6,4.7,5,1.7,0.2,0.536,0.408,0.856,8.7,0.182,hornaje01,1990
Hersey Hawkins,23,PHI,3,3,92,0.033,82,34.8,18.5,3.7,3.2,1.6,0.3,0.46,0.42,0.888,8,0.135,hawkihe01,1990
Scottie Pippen,24,CHI,1,1,92,0.011,82,38.4,16.5,6.7,5.4,2.6,1.2,0.489,0.25,0.675,5.7,0.087,pippesc01,1990
Detlef Schrempf,27,IND,1,1,92,0.011,78,33,16.2,7.9,3.2,0.8,0.2,0.516,0.354,0.82,8.1,0.151,schrede01,1990
Derek Smith,28,PHI,1,1,92,0.011,75,18.7,8.9,2.3,1.5,0.5,0.3,0.508,0.444,0.699,2.9,0.098,smithde02,1990
Roy Tarpley,25,DAL,1,1,92,0.011,45,36.6,16.8,13.1,1.5,1.8,1.6,0.451,0,0.756,3.5,0.103,tarplro01,1990
Mark West,29,PHO,1,1,92,0.011,82,29.3,10.5,8.9,0.5,0.4,2.2,0.625,,0.691,8.2,0.163,westma01,1990
Scott Skiles,26,ORL,25,25,96,0.26,79,34.4,17.2,3.4,8.4,1.1,0.1,0.445,0.408,0.902,7,0.124,skilesc01,1991
Kevin Gamble,25,BOS,21,21,96,0.219,82,33,15.6,3.3,3.1,1.2,0.4,0.587,0,0.815,8.3,0.147,gamblke01,1991
Kenny Smith,25,HOU,20,20,96,0.208,78,34.6,17.7,2.1,7.1,1.4,0.1,0.52,0.363,0.844,9,0.161,smithke01,1991
Harvey Grant,25,WSB,12,12,96,0.125,77,36.9,18.2,7.2,2.6,1.2,0.8,0.498,0.133,0.743,6.7,0.112,grantha01,1991
Tim Hardaway,24,GSW,6,6,96,0.063,82,39.2,22.9,4,9.7,2.6,0.1,0.476,0.385,0.803,9.9,0.148,hardati01,1991
Sean Elliott,22,SAS,3,3,96,0.031,82,37.1,15.9,5.6,2.9,0.8,0.4,0.49,0.313,0.808,8.8,0.138,elliose01,1991
Shawn Kemp,21,SEA,2,2,96,0.021,81,30.1,15,8.4,1.8,1,1.5,0.508,0.167,0.661,6.1,0.121,kempsh01,1991
Michael Adams,28,DEN,1,1,96,0.01,66,35.5,26.5,3.9,10.5,2.2,0.1,0.394,0.296,0.879,6.3,0.128,adamsmi01,1991
Rex Chapman,23,CHH,1,1,96,0.01,70,30,15.7,2.7,3.6,1,0.2,0.445,0.324,0.83,3,0.069,chapmre01,1991
Derek Harper,29,DAL,1,1,96,0.01,77,37.4,19.7,3,7.1,1.9,0.2,0.467,0.362,0.731,7.6,0.127,harpede01,1991
Bernard King,34,WSB,1,1,96,0.01,64,37.5,28.4,5,4.6,0.9,0.3,0.472,0.216,0.79,3.5,0.07,kingbe01,1991
Scottie Pippen,25,CHI,1,1,96,0.01,82,36.8,17.8,7.3,6.2,2.4,1.1,0.52,0.309,0.706,11.2,0.179,pippesc01,1991
Larry Smith,33,HOU,1,1,96,0.01,81,23.7,3.3,8.8,1.1,1,0.3,0.487,,0.24,4.4,0.109,smithla01,1991
Spud Webb,27,ATL,1,1,96,0.01,75,29.3,13.4,2.3,5.6,1.6,0.1,0.447,0.321,0.868,5.4,0.118,webbsp01,1991
Pervis Ellison,24,WSB,40,40,96,0.417,66,38,20,11.2,2.9,0.9,2.7,0.539,0.333,0.728,6.9,0.131,ellispe01,1992
Dražen Petrovi?,27,NJN,22,22,96,0.229,82,36.9,20.6,3.1,3.1,1.3,0.1,0.508,0.444,0.808,7.7,0.122,petrodr01,1992
Kevin Willis,29,ATL,12,12,96,0.125,81,36.6,18.3,15.5,2.1,0.9,0.7,0.483,0.162,0.804,8.8,0.143,willike02,1992
Glen Rice,24,MIA,4,4,96,0.042,79,38.1,22.3,5,2.3,1.1,0.4,0.469,0.391,0.836,7.9,0.126,ricegl01,1992
Reggie Williams,27,DEN,4,4,96,0.042,81,32.4,18.2,5,2.9,1.8,0.8,0.471,0.359,0.803,6.6,0.121,willire01,1992
Tim Perry,26,PHO,3,3,96,0.031,80,31,12.3,6.9,1.7,0.6,1.5,0.523,0.375,0.712,5.7,0.11,perryti01,1992
John Starks,26,NYK,3,3,96,0.031,82,25.8,13.9,2.3,3.4,1.3,0.2,0.449,0.348,0.778,6.4,0.146,starkjo01,1992
Kendall Gill,23,CHH,2,2,96,0.021,79,36.8,20.5,5.1,4.2,1.9,0.6,0.467,0.24,0.745,4.7,0.077,gillke01,1992
Grant Long,25,MIA,2,2,96,0.021,82,37.4,14.8,8.4,2.7,1.7,0.5,0.494,0.273,0.807,7.7,0.12,longgr01,1992
Šar?nas Mar?iulionis,27,GSW,2,2,96,0.021,72,29.4,18.9,2.9,3.4,1.6,0.1,0.538,0.3,0.788,6.4,0.144,marcisa01,1992
Mookie Blaylock,24,NJN,1,1,96,0.01,72,35.4,13.8,3.7,6.8,2.4,0.6,0.432,0.222,0.712,4.9,0.092,blaylmo01,1992
Micheal Williams,25,IND,1,1,96,0.01,79,34.8,15,3.6,8.2,2.9,0.3,0.49,0.242,0.871,9,0.156,willimi02,1992
Mahmoud Abdul-Rauf,23,DEN,25,25,98,0.255,81,33.5,19.2,2.8,4.2,1,0.1,0.45,0.355,0.935,5.1,0.091,abdulma02,1993
Eric Murdock,24,MIL,14,14,98,0.143,79,30.8,14.4,3.6,7.6,2.2,0.1,0.468,0.261,0.78,6.1,0.121,murdoer01,1993
Kenny Anderson,22,NJN,13,13,98,0.133,55,36.5,16.9,4.1,8.2,1.7,0.2,0.435,0.28,0.776,4.4,0.106,anderke01,1993
John Starks,27,NYK,11,11,98,0.112,80,31,17.5,2.6,5.1,1.1,0.2,0.428,0.321,0.795,7.5,0.145,starkjo01,1993
Clifford Robinson,26,POR,9,9,98,0.092,82,31.4,19.1,6.6,2.2,1.2,2,0.473,0.247,0.69,6.8,0.127,robincl02,1993
Gary Payton,24,SEA,8,8,98,0.082,82,31.1,13.5,3.4,4.9,2.2,0.3,0.494,0.206,0.77,7.8,0.147,paytoga01,1993
Derrick Coleman,25,NJN,3,3,98,0.031,76,36.3,20.7,11.2,3.6,1.2,1.7,0.46,0.232,0.808,9.5,0.165,colemde01,1993
Blue Edwards,27,MIL,2,2,98,0.02,82,33.3,16.9,4.7,2.6,1.6,0.5,0.512,0.349,0.79,5.7,0.101,edwarbl01,1993
Doug West,25,MIN,2,2,98,0.02,80,38.8,19.3,3.1,2.9,1.1,0.3,0.517,0.087,0.841,4.3,0.066,westdo01,1993
Alaa Abdelnaby,24,TOT,1,1,98,0.01,75,17.5,7.7,4.5,0.4,0.3,0.3,0.518,0,0.759,2,0.074,abdelal01,1993
Mookie Blaylock,25,ATL,1,1,98,0.01,80,35.3,13.4,3.5,8.4,2.5,0.3,0.429,0.375,0.728,7,0.119,blaylmo01,1993
Cedric Ceballos,23,PHO,1,1,98,0.01,74,21.7,12.8,5.5,1,0.7,0.4,0.576,0,0.725,6.2,0.186,cebalce01,1993
Shawn Kemp,23,SEA,1,1,98,0.01,78,33.1,17.8,10.7,2,1.5,1.9,0.492,0,0.712,9.1,0.169,kempsh01,1993
Terry Mills,25,DET,1,1,98,0.01,81,27,14.8,5.8,1.4,0.5,0.6,0.461,0.278,0.791,3.8,0.084,millste01,1993
Dražen Petrovi?,28,NJN,1,1,98,0.01,70,38,22.3,2.7,3.5,1.3,0.2,0.518,0.449,0.87,8.4,0.152,petrodr01,1993
Don MacLean,24,WSB,55,55,101,0.545,75,33.2,18.2,6.2,2.1,0.6,0.3,0.502,0.143,0.824,5.6,0.108,macledo01,1994
Latrell Sprewell,23,GSW,29,29,101,0.287,82,43.1,21,4.9,4.7,2.2,0.9,0.433,0.361,0.774,8,0.108,sprewla01,1994
Gary Payton,25,SEA,5,5,101,0.05,82,35.1,16.5,3.3,6,2.3,0.2,0.504,0.278,0.595,9.3,0.155,paytoga01,1994
Mookie Blaylock,26,ATL,2,2,101,0.02,81,36,13.8,5.2,9.7,2.6,0.5,0.411,0.334,0.73,10.2,0.168,blaylmo01,1994
Dale Davis,24,IND,2,2,101,0.02,66,34.7,11.7,10.9,1.5,0.7,1.6,0.529,0,0.527,7,0.147,davisda01,1994
Rod Strickland,27,POR,2,2,101,0.02,82,35.2,17.2,4.5,9,1.8,0.3,0.483,0.2,0.749,9.3,0.155,stricro02,1994
Vincent Askew,27,SEA,1,1,101,0.01,80,21.1,9.1,2.3,2.4,0.9,0.2,0.481,0.194,0.829,6,0.169,askewvi01,1994
Dana Barros,26,PHI,1,1,101,0.01,81,31.1,13.3,2.4,5.2,1.3,0.1,0.469,0.381,0.8,4.7,0.089,barroda01,1994
Rex Chapman,26,WSB,1,1,101,0.01,60,33.8,18.2,2.4,3.1,1,0.1,0.498,0.388,0.816,3.9,0.092,chapmre01,1994
Bison Dele,24,DEN,1,1,101,0.01,80,18.8,8,5.6,0.6,0.6,1.1,0.541,0,0.649,4.7,0.151,delebi01,1994
Pete Myers,30,CHI,1,1,101,0.01,82,24.8,7.9,2.2,3,1,0.2,0.455,0.276,0.701,3,0.072,myerspe01,1994
Olden Polynice,29,TOT,1,1,101,0.01,68,35.3,11.6,11.9,0.6,0.6,1,0.523,0,0.508,5.1,0.102,polynol01,1994
Dana Barros,27,PHI,50,50,105,0.476,82,40.5,20.6,3.3,7.5,1.8,0,0.49,0.464,0.899,12.7,0.183,barroda01,1995
Elliot Perry,25,PHO,15,15,105,0.143,82,24.1,9.7,1.8,4.8,1.9,0,0.52,0.417,0.81,5.2,0.126,perryel01,1995
Scott Burrell,24,CHH,8,8,105,0.076,65,31,11.5,5.7,2.5,1.2,0.6,0.467,0.409,0.694,5.6,0.135,burresc01,1995
Gheorghe Mure?an,23,WSB,8,8,105,0.076,73,23.6,10,6.7,0.5,0.7,1.7,0.56,,0.709,4.1,0.116,muresgh01,1995
Allan Houston,23,DET,6,6,105,0.057,76,26.3,14.5,2.2,2.2,0.8,0.2,0.463,0.424,0.86,3.8,0.091,houstal01,1995
Avery Johnson,29,SAS,4,4,105,0.038,82,36.7,13.4,2.5,8.2,1.4,0.2,0.519,0.136,0.685,8,0.128,johnsav01,1995
Tyrone Hill,26,CLE,3,3,105,0.029,70,34.2,13.8,10.9,0.8,0.8,0.6,0.504,0,0.662,6.9,0.138,hillty01,1995
Popeye Jones,24,DAL,3,3,105,0.029,80,29.8,10.3,10.6,2,0.4,0.3,0.443,0.083,0.645,3.6,0.073,jonespo01,1995
Cedric Ceballos,25,LAL,1,1,105,0.01,58,35,21.7,8,1.8,1,0.3,0.509,0.397,0.716,5.2,0.123,cebalce01,1995
Vlade Divac,26,LAL,1,1,105,0.01,80,35.1,16,10.4,4.1,1.4,2.2,0.507,0.189,0.777,9.5,0.162,divacvl01,1995
Chris Gatling,27,GSW,1,1,105,0.01,58,25.3,13.7,7.6,0.9,0.7,0.9,0.633,0,0.592,3.9,0.129,gatlich01,1995
Jim Jackson,24,DAL,1,1,105,0.01,51,38.9,25.7,5.1,3.7,0.5,0.2,0.472,0.318,0.805,4.9,0.118,jacksji01,1995
Rodney Rogers,23,DEN,1,1,105,0.01,80,26.8,12.2,4.8,2,1.2,0.6,0.488,0.338,0.651,3.9,0.088,rogerro01,1995
Rik Smits,28,IND,1,1,105,0.01,78,30.5,17.9,7.7,1.4,0.5,1,0.526,0,0.753,7.2,0.146,smitsri01,1995
Nick Van Exel,23,LAL,1,1,105,0.01,80,36.8,16.9,2.8,8.3,1.2,0.1,0.42,0.358,0.783,6.4,0.104,vanexni01,1995
Walt Williams,24,SAC,1,1,105,0.01,77,35.6,16.4,4.5,4.1,1.6,0.8,0.446,0.348,0.731,5.1,0.089,williwa02,1995
Gheorghe Mure?an,24,WSB,50,50,113,0.442,76,29.5,14.5,9.6,0.7,0.7,2.3,0.584,0,0.619,8,0.172,muresgh01,1996
George McCloud,28,DAL,23,23,113,0.204,79,36,18.9,4.8,2.7,1.4,0.5,0.414,0.379,0.804,5.8,0.098,mccloge01,1996
Terrell Brandon,25,CLE,6,6,113,0.053,75,34.3,19.3,3.3,6.5,1.8,0.4,0.465,0.387,0.887,12.7,0.237,brandte01,1996
Danny Ferry,29,CLE,6,6,113,0.053,82,32.7,13.3,3.8,2.3,0.7,0.5,0.459,0.394,0.769,5.5,0.098,ferryda01,1996
Bison Dele,26,LAC,4,4,113,0.035,65,33.2,15.8,7.6,1.9,1.1,0.8,0.543,0.167,0.734,4,0.09,delebi01,1996
Tracy Murray,24,TOR,4,4,113,0.035,82,30,16.2,4.3,1.6,1.1,0.5,0.454,0.422,0.831,4.9,0.096,murratr01,1996
Elden Campbell,27,LAL,3,3,113,0.027,82,32.9,13.9,7.6,2.2,1.1,2.6,0.503,0,0.713,8.2,0.147,campbel01,1996
Shawn Bradley,23,TOT,2,2,113,0.018,79,29.5,11.9,8.1,0.8,0.6,3.6,0.443,0.25,0.687,3,0.062,bradlsh01,1996
Chris Childs,28,NJN,2,2,113,0.018,78,30.9,12.8,3.1,7,1.4,0.1,0.416,0.367,0.852,5.8,0.115,childch01,1996
Allan Houston,24,DET,2,2,113,0.018,82,37.5,19.7,3.7,3,0.7,0.2,0.453,0.427,0.823,7.1,0.112,houstal01,1996
Bobby Phills,26,CLE,2,2,113,0.018,72,35.1,14.6,3.6,3.8,1.4,0.4,0.467,0.441,0.775,7.1,0.136,phillbo01,1996
Dennis Scott,27,ORL,2,2,113,0.018,82,37.1,17.5,3.8,3,1.1,0.4,0.44,0.425,0.82,8.8,0.138,scottde01,1996
David Wesley,25,BOS,2,2,113,0.018,82,25.7,12.3,3.2,4.8,1.2,0.1,0.459,0.426,0.753,6.3,0.144,wesleda01,1996
Greg Anthony,28,VAN,1,1,113,0.009,69,30.4,14,2.5,6.9,1.7,0.2,0.415,0.332,0.771,4.8,0.111,anthogr01,1996
Vinny Del Negro,29,SAS,1,1,113,0.009,82,33.7,14.5,3.3,3.8,1,0.1,0.497,0.38,0.832,8.3,0.144,delnevi01,1996
Matt Geiger,26,CHH,1,1,113,0.009,77,30.5,11.2,8.4,0.8,0.6,0.8,0.536,0.375,0.727,4.3,0.088,geigema01,1996
Juwan Howard,22,WSB,1,1,113,0.009,81,40.7,22.1,8.1,4.4,0.8,0.5,0.489,0.308,0.749,5.6,0.082,howarju01,1996
Jayson Williams,27,NJN,1,1,113,0.009,80,23.2,9,10,0.6,0.4,0.7,0.423,0.286,0.592,3.8,0.099,willija01,1996
Isaac Austin,27,MIA,41,41,115,0.357,82,22.9,9.7,5.8,1.2,0.5,0.5,0.502,0,0.664,4,0.102,austiis01,1997
Doug Christie,26,TOR,17,17,115,0.148,81,38.6,14.5,5.3,3.9,2.5,0.6,0.417,0.384,0.775,7,0.107,chrisdo01,1997
Rasheed Wallace,22,POR,13,13,115,0.113,62,30.5,15.1,6.8,1.2,0.8,1,0.558,0.273,0.638,6.4,0.163,wallara01,1997
Voshon Lenard,23,MIA,9,9,115,0.078,73,28.9,12.3,3,2.2,0.7,0.2,0.459,0.414,0.819,6.8,0.155,lenarvo01,1997
Kendall Gill,28,NJN,7,7,115,0.061,82,39,21.8,6.1,4,1.9,0.6,0.443,0.336,0.797,8.8,0.132,gillke01,1997
Glen Rice,29,CHH,7,7,115,0.061,79,42.6,26.8,4,2,0.9,0.3,0.477,0.47,0.867,10.8,0.154,ricegl01,1997
Lindsey Hunter,26,DET,5,5,115,0.043,82,36.9,14.2,2.8,1.9,1.6,0.3,0.404,0.355,0.778,6.4,0.101,hunteli01,1997
Kevin Garnett,20,MIN,4,4,115,0.035,77,38.9,17,8,3.1,1.4,2.1,0.499,0.286,0.754,7.3,0.116,garneke01,1997
LaPhonso Ellis,26,DEN,3,3,115,0.026,55,36.4,21.9,7,2.4,0.8,0.7,0.439,0.367,0.773,3.6,0.087,ellisla01,1997
Tom Gugliotta,27,MIN,3,3,115,0.026,81,38.7,20.6,8.7,4.1,1.6,1.1,0.442,0.258,0.82,6.7,0.103,guglito01,1997
David Wesley,26,BOS,2,2,115,0.017,74,40.4,16.8,3.6,7.3,2.2,0.2,0.468,0.36,0.781,6.1,0.097,wesleda01,1997
Tim Hardaway,30,MIA,1,1,115,0.009,81,38.7,20.3,3.4,8.6,1.9,0.1,0.415,0.344,0.799,12.9,0.198,hardati01,1997
Eddie Jones,25,LAL,1,1,115,0.009,80,37.5,17.2,4.1,3.4,2.4,0.6,0.438,0.391,0.819,9.6,0.154,jonesed02,1997
Rony Seikaly,31,ORL,1,1,115,0.009,74,35.3,17.3,9.5,1.2,0.7,1.4,0.507,0,0.714,6.8,0.125,seikaro01,1997
Monty Williams,25,SAS,1,1,115,0.009,65,20.7,9,3.2,1.4,0.8,0.8,0.509,0,0.645,1.2,0.042,willimo01,1997
Alan Henderson,25,ATL,33,33,116,0.284,69,29,14.3,6.4,1.1,0.6,0.5,0.485,0.5,0.652,6,0.144,hendeal01,1998
Corliss Williamson,24,SAC,25,25,116,0.216,79,35.7,17.7,5.6,2.9,1,0.6,0.495,0,0.63,4.4,0.076,willico02,1998
Donyell Marshall,24,GSW,24,24,116,0.207,73,35.8,15.4,8.6,2.2,1.3,1,0.414,0.313,0.731,4.2,0.078,marshdo01,1998
Nick Anderson,30,ORL,6,6,116,0.052,58,29.3,15.3,5.1,2.1,1.2,0.4,0.455,0.36,0.638,5.3,0.149,anderni01,1998
Michael Finley,24,DAL,6,6,116,0.052,82,41.4,21.5,5.3,4.9,1.6,0.4,0.449,0.357,0.784,7.5,0.106,finlemi01,1998
Theo Ratliff,24,TOT,5,5,116,0.043,82,29.8,9.9,6.7,0.7,0.6,3.1,0.513,,0.701,6.7,0.132,ratlith01,1998
Kobe Bryant,19,LAL,3,3,116,0.026,79,26,15.4,3.1,2.5,0.9,0.5,0.428,0.341,0.794,6.3,0.147,bryanko01,1998
Vin Baker,26,SEA,2,2,116,0.017,82,35.9,19.2,8,1.9,1.1,1,0.542,0.143,0.591,10.4,0.169,bakervi01,1998
Lamond Murray,24,LAC,2,2,116,0.017,79,32.6,15.4,6.1,1.8,1.5,0.7,0.481,0.353,0.748,4.9,0.092,murrala01,1998
Bo Outlaw,26,ORL,2,2,116,0.017,82,36,9.5,7.8,2.6,1.3,2.2,0.554,0.25,0.575,7.6,0.124,outlabo01,1998
Antoine Walker,21,BOS,2,2,116,0.017,82,39.9,22.4,10.2,3.3,1.7,0.7,0.423,0.312,0.645,4.7,0.07,walkean02,1998
John Wallace,23,TOR,2,2,116,0.017,82,28.8,14,4.5,1.3,0.8,1.2,0.478,0.5,0.717,1.5,0.031,wallajo01,1998
Matt Geiger,28,CHH,1,1,116,0.009,78,23.6,11.3,6.7,1,0.9,1.1,0.505,0.091,0.712,5.9,0.154,geigema01,1998
Karl Malone,34,UTA,1,1,116,0.009,81,37.4,27,10.3,3.9,1.2,0.9,0.53,0.333,0.761,16.4,0.259,malonka01,1998
Jalen Rose,25,IND,1,1,116,0.009,82,20.8,9.4,2.4,1.9,0.7,0.2,0.478,0.342,0.728,3.3,0.092,roseja01,1998
Rod Strickland,31,WAS,1,1,116,0.009,76,39.7,17.8,5.3,10.5,1.7,0.3,0.434,0.25,0.726,8.1,0.129,stricro02,1998
Darrell Armstrong,30,ORL,54,54,118,0.458,50,30,13.8,3.6,6.7,2.2,0.1,0.441,0.365,0.904,6.4,0.205,armstda01,1999
Eric Snow,25,PHI,15,15,118,0.127,48,35.8,8.6,3.4,6.3,2.1,0,0.428,0.238,0.733,3.8,0.105,snower01,1999
Gary Trent,24,DAL,14,14,118,0.119,45,30.3,16,7.8,1.7,0.6,0.5,0.477,0,0.617,4,0.14,trentga01,1999
Joe Smith,23,MIN,8,8,118,0.068,43,33,13.7,8.2,1.6,0.7,1.5,0.427,0,0.755,3.7,0.126,smithjo02,1999
Danny Fortson,22,DEN,7,7,118,0.059,50,28.3,11,11.6,0.6,0.6,0.4,0.495,0,0.727,4.4,0.148,fortsda01,1999
Theo Ratliff,25,PHI,4,4,118,0.034,50,32.5,11.2,8.1,0.6,0.9,3,0.47,,0.725,5.4,0.159,ratlith01,1999
Maurice Taylor,22,LAC,3,3,118,0.025,46,32.7,16.8,5.3,1.5,0.3,0.6,0.461,0.167,0.728,0.7,0.024,tayloma01,1999
Brian Grant,26,POR,2,2,118,0.017,48,31.8,11.5,9.8,1.4,0.4,0.7,0.479,,0.814,5.9,0.185,grantbr01,1999
Tracy McGrady,19,TOR,2,2,118,0.017,49,22.6,9.3,5.7,2.3,1.1,1.3,0.436,0.229,0.726,3.3,0.143,mcgratr01,1999
Dee Brown,30,TOR,1,1,118,0.008,49,28.1,11.2,2.1,2.9,1.1,0.2,0.378,0.387,0.727,2.5,0.086,brownde01,1999
Randy Brown,30,CHI,1,1,118,0.008,39,29.2,8.8,3.4,3.8,1.7,0.2,0.414,0,0.757,1,0.041,brownra02,1999
Othella Harrington,25,HOU,1,1,118,0.008,41,22,9.8,6,0.4,0.1,0.6,0.513,,0.721,2.2,0.115,harriot01,1999
Antonio McDyess,24,DEN,1,1,118,0.008,50,38.7,21.2,10.7,1.6,1.5,2.3,0.471,0.111,0.68,4.2,0.105,mcdyean01,1999
Greg Ostertag,25,UTA,1,1,118,0.008,48,27.9,5.7,7.3,0.5,0.3,2.7,0.476,,0.62,3.8,0.136,ostergr01,1999
Clifford Robinson,32,PHO,1,1,118,0.008,50,34.8,16.4,4.5,2.6,1.5,1.2,0.475,0.417,0.697,5.3,0.146,robincl02,1999
Bryon Russell,28,UTA,1,1,118,0.008,50,35.4,12.4,5.3,1.5,1.5,0.3,0.464,0.354,0.795,5.6,0.151,russebr01,1999
Latrell Sprewell,28,NYK,1,1,118,0.008,37,33.3,16.4,4.2,2.5,1.2,0.1,0.415,0.273,0.812,3,0.117,sprewla01,1999
Haywoode Workman,33,MIL,1,1,118,0.008,29,28.1,6.9,3.5,5.9,1.1,0,0.429,0.362,0.787,1.6,0.091,workmha01,1999
Jalen Rose,27,IND,32,32,121,0.264,80,37.2,18.2,4.8,4,1.1,0.6,0.471,0.393,0.827,7.3,0.118,roseja01,2000
Dirk Nowitzki,21,DAL,25,25,121,0.207,82,35.8,17.5,6.5,2.5,0.8,0.8,0.461,0.379,0.83,8.1,0.132,nowitdi01,2000
Jerry Stackhouse,25,DET,19,19,121,0.157,82,38.4,23.6,3.8,4.5,1.3,0.4,0.428,0.288,0.815,7.3,0.111,stackje01,2000
Austin Croshere,24,IND,17,17,121,0.14,81,23.3,10.3,6.4,1.1,0.5,0.7,0.441,0.362,0.848,5.4,0.138,croshau01,2000
Tracy McGrady,20,TOR,7,7,121,0.058,79,31.2,15.4,6.3,3.3,1.1,1.9,0.451,0.277,0.707,6.6,0.129,mcgratr01,2000
John Amaechi,29,ORL,4,4,121,0.033,80,21.1,10.5,3.3,1.2,0.4,0.5,0.437,0.167,0.766,2.4,0.067,amaecjo01,2000
Ruben Patterson,24,SEA,4,4,121,0.033,81,25.9,11.6,5.4,1.6,1.2,0.5,0.536,0.444,0.692,6.7,0.153,patteru01,2000
Michael Dickerson,24,VAN,3,3,121,0.025,82,37.8,18.2,3.4,2.5,1.4,0.5,0.436,0.409,0.83,5.5,0.085,dickemi01,2000
Rodney Rogers,28,PHO,3,3,121,0.025,82,27.9,13.8,5.5,2.1,1.1,0.6,0.486,0.439,0.639,7.4,0.154,rogerro01,2000
Shaquille O'Neal,27,LAL,2,2,121,0.017,79,40,29.7,13.6,3.8,0.5,3,0.574,0,0.524,18.6,0.283,onealsh01,2000
Kobe Bryant,21,LAL,1,1,121,0.008,66,38.2,22.5,6.3,4.9,1.6,0.9,0.468,0.319,0.821,10.6,0.202,bryanko01,2000
Derrick Coleman,32,CHH,1,1,121,0.008,74,31.7,16.7,8.5,2.4,0.5,1.8,0.456,0.362,0.785,6.5,0.133,colemde01,2000
Sean Elliott,31,SAS,1,1,121,0.008,19,20.6,6,2.5,1.5,0.6,0.1,0.358,0.351,0.781,0.5,0.067,elliose01,2000
Rashard Lewis,20,SEA,1,1,121,0.008,82,19.2,8.2,4.1,0.9,0.8,0.4,0.486,0.333,0.683,4.1,0.125,lewisra02,2000
Bob Sura,26,CLE,1,1,121,0.008,73,30.4,13.8,3.9,3.9,1.2,0.3,0.437,0.367,0.697,4.9,0.107,surabo01,2000
Tracy McGrady,21,ORL,74,74,124,0.597,77,40.1,26.8,7.5,4.6,1.5,1.5,0.457,0.355,0.733,12.2,0.189,mcgratr01,2001
Peja Stojakovi?,23,SAC,14,14,124,0.113,75,38.7,20.4,5.8,2.2,1.2,0.2,0.47,0.4,0.856,10.1,0.168,stojape01,2001
Steve Nash,26,DAL,12,12,124,0.097,70,34.1,15.6,3.2,7.3,1,0.1,0.487,0.406,0.895,8.4,0.169,nashst01,2001
Shawn Marion,22,PHO,6,6,124,0.048,79,36.2,17.3,10.7,2,1.7,1.4,0.48,0.256,0.81,11.7,0.196,mariosh01,2001
Baron Davis,21,CHH,4,4,124,0.032,82,38.9,13.8,5,7.3,2.1,0.4,0.427,0.31,0.677,8.9,0.134,davisba01,2001
Dirk Nowitzki,22,DAL,4,4,124,0.032,82,38.1,21.8,9.2,2.1,1,1.2,0.474,0.387,0.838,14.6,0.224,nowitdi01,2001
Travis Best,28,IND,2,2,124,0.016,77,31.9,11.9,2.9,6.1,1.4,0.1,0.44,0.381,0.827,7.2,0.14,besttr01,2001
Jason Terry,23,ATL,2,2,124,0.016,82,37.7,19.7,3.3,4.9,1.3,0.1,0.436,0.395,0.846,6.5,0.1,terryja01,2001
Richard Hamilton,22,WAS,1,1,124,0.008,78,32.3,18.1,3.1,2.9,1,0.1,0.438,0.274,0.868,2.4,0.046,hamilri01,2001
Donyell Marshall,27,UTA,1,1,124,0.008,81,28.7,13.6,7,1.6,1,1,0.503,0.32,0.751,8.5,0.174,marshdo01,2001
Jeff McInnis,26,LAC,1,1,124,0.008,81,35,12.9,2.7,5.5,0.9,0.1,0.463,0.361,0.807,6.9,0.117,mcinnje01,2001
Ben Wallace,26,DET,1,1,124,0.008,80,34.5,6.4,13.2,1.5,1.3,2.3,0.49,0.25,0.336,7,0.121,wallabe01,2001
Bonzi Wells,24,POR,1,1,124,0.008,75,26.6,12.7,4.9,2.8,1.3,0.3,0.533,0.34,0.663,5.9,0.143,wellsbo01,2001
Alvin Williams,26,TOR,1,1,124,0.008,82,29.2,9.8,2.6,5,1.5,0.3,0.43,0.306,0.752,5.4,0.109,willial02,2001
Jermaine O'Neal,23,IND,52,52,126,0.413,72,37.6,19,10.5,1.6,0.6,2.3,0.479,0.071,0.688,6.4,0.113,onealje01,2002
Ben Wallace,27,DET,16,16,126,0.127,80,36.5,7.6,13,1.4,1.7,3.5,0.531,0,0.423,11.6,0.19,wallabe01,2002
Steve Nash,27,DAL,9,9,126,0.071,82,34.6,17.9,3.1,7.7,0.6,0,0.483,0.455,0.887,9.9,0.167,nashst01,2002
Jerry Stackhouse,27,DET,7,7,126,0.056,76,35.3,21.4,4.1,5.3,1,0.5,0.397,0.287,0.858,5.8,0.104,stackje01,2002
Brent Barry,30,SEA,6,6,126,0.048,81,37.5,14.4,5.4,5.3,1.8,0.5,0.508,0.424,0.846,12.1,0.191,barrybr01,2002
Wally Szczerbiak,24,MIN,5,5,126,0.04,82,38,18.7,4.8,3.1,0.8,0.3,0.508,0.455,0.831,8.7,0.134,szczewa02,2002
Troy Hudson,25,ORL,4,4,126,0.032,81,22.9,11.7,1.8,3.1,0.7,0.1,0.434,0.353,0.876,2.5,0.064,hudsotr01,2002
Michael Olowokandi,26,LAC,4,4,126,0.032,80,32.1,11.1,8.9,1.1,0.7,1.8,0.433,,0.622,1.6,0.029,olowomi01,2002
Kenyon Martin,24,NJN,3,3,126,0.024,73,34.3,14.9,5.3,2.6,1.2,1.7,0.463,0.224,0.678,4.9,0.093,martike01,2002
Andre Miller,25,CLE,3,3,126,0.024,81,37.3,16.5,4.7,10.9,1.6,0.4,0.454,0.253,0.817,10.3,0.163,millean02,2002
Michael Redd,22,MIL,3,3,126,0.024,67,21.1,11.4,3.3,1.4,0.6,0.1,0.483,0.444,0.791,4.6,0.155,reddmi01,2002
Desmond Mason,24,SEA,2,2,126,0.016,75,32.3,12.4,4.7,1.4,0.9,0.4,0.464,0.271,0.848,4.7,0.093,masonde01,2002
Gary Payton,33,SEA,2,2,126,0.016,82,40.3,22.1,4.8,9,1.6,0.3,0.467,0.314,0.797,12.6,0.183,paytoga01,2002
Kenny Thomas,24,HOU,2,2,126,0.016,72,34.5,14.1,7.2,1.9,1.2,0.9,0.478,0,0.664,4.4,0.085,thomake01,2002
Hedo Türko?lu,22,SAC,2,2,126,0.016,80,24.6,10.1,4.5,2,0.7,0.4,0.422,0.368,0.726,5.2,0.127,turkohe01,2002
Ricky Davis,22,CLE,1,1,126,0.008,82,23.8,11.7,3,2.2,0.8,0.3,0.481,0.314,0.79,2.8,0.068,davisri01,2002
Bobby Jackson,28,SAC,1,1,126,0.008,81,21.6,11.1,3.1,2,0.9,0.1,0.443,0.361,0.81,5.4,0.148,jacksbo01,2002
Todd MacCulloch,26,NJN,1,1,126,0.008,62,24.2,9.7,6.1,1.3,0.4,1.4,0.531,,0.671,5.6,0.179,maccuto01,2002
Lee Nailon,26,CHH,1,1,126,0.008,79,24.2,10.8,3.7,1.2,0.7,0.2,0.483,0.5,0.747,3.5,0.087,nailole01,2002
Wesley Person,30,CLE,1,1,126,0.008,78,35.8,15.1,3.8,2.2,1,0.5,0.495,0.444,0.798,6.9,0.119,persowe01,2002
Jason Terry,24,ATL,1,1,126,0.008,78,38,19.3,3.5,5.7,1.8,0.2,0.43,0.387,0.835,8.6,0.139,terryja01,2002
Gilbert Arenas,21,GSW,41,288,590,0.488,82,35,18.3,4.7,6.3,1.5,0.2,0.431,0.348,0.791,6.5,0.109,arenagi01,2003
Matt Harpring,26,UTA,29,234,590,0.397,78,32.8,17.6,6.6,1.7,0.9,0.2,0.511,0.413,0.792,8.8,0.166,harprma01,2003
Troy Murphy,22,GSW,18,144,590,0.244,79,31.8,11.7,10.2,1.3,0.8,0.4,0.451,0.214,0.841,6.4,0.122,murphtr01,2003
Tony Parker,20,SAS,14,143,590,0.242,82,33.8,15.5,2.6,5.3,0.9,0,0.464,0.337,0.755,7.7,0.134,parketo01,2003
Ricky Davis,23,CLE,2,43,590,0.073,79,39.6,20.6,4.9,5.5,1.6,0.5,0.41,0.363,0.748,3,0.046,davisri01,2003
Chauncey Billups,26,DET,3,42,590,0.071,74,31.4,16.2,3.7,3.9,0.9,0.2,0.421,0.392,0.878,9.9,0.204,billuch01,2003
Jason Williams,27,MEM,3,40,590,0.068,76,31.7,12.1,2.8,8.3,1.2,0.1,0.388,0.354,0.84,4.7,0.094,willija02,2003
Richard Jefferson,22,NJN,2,23,590,0.039,80,36,15.5,6.4,2.5,1,0.6,0.501,0.25,0.743,9.9,0.164,jefferi01,2003
Troy Hudson,26,MIN,1,14,590,0.024,79,32.9,14.2,2.3,5.7,0.8,0.1,0.428,0.365,0.9,5.1,0.094,hudsotr01,2003
Corey Maggette,23,LAC,0,12,590,0.02,64,31.3,16.8,5,1.9,0.9,0.3,0.444,0.35,0.802,5,0.119,maggeco01,2003
Bobby Jackson,29,SAC,0,11,590,0.019,59,28.4,15.2,3.7,3.1,1.2,0.1,0.464,0.379,0.846,5.5,0.157,jacksbo01,2003
Michael Redd,23,MIL,1,9,590,0.015,82,28.2,15.1,4.5,1.4,1.2,0.2,0.469,0.438,0.805,8,0.167,reddmi01,2003
Metta World Peace,23,IND,1,7,590,0.012,69,33.6,15.5,5.2,2.9,2.3,0.7,0.428,0.336,0.736,7.2,0.15,artesro01,2003
Andrei Kirilenko,21,UTA,1,5,590,0.008,80,27.7,12,5.3,1.7,1.5,2.2,0.491,0.325,0.8,9.2,0.199,kirilan01,2003
Dirk Nowitzki,24,DAL,1,5,590,0.008,80,39,25.1,9.9,3,1.4,1,0.463,0.379,0.881,16.1,0.249,nowitdi01,2003
Jermaine O'Neal,24,IND,1,5,590,0.008,77,37.2,20.8,10.3,2,0.9,2.3,0.484,0.333,0.731,10.5,0.177,onealje01,2003
Stephon Marbury,25,PHO,0,5,590,0.008,81,40,22.3,3.2,8.1,1.3,0.2,0.439,0.301,0.803,9.6,0.142,marbust01,2003
Stephen Jackson,24,SAS,0,4,590,0.007,80,28.2,11.8,3.6,2.3,1.6,0.4,0.435,0.32,0.76,4.8,0.102,jacksst02,2003
Tracy McGrady,23,ORL,0,4,590,0.007,75,39.4,32.1,6.5,5.5,1.7,0.8,0.457,0.386,0.793,16.1,0.262,mcgratr01,2003
Brad Miller,26,IND,0,4,590,0.007,73,31.1,13.1,8.3,2.6,0.9,0.6,0.493,0.313,0.818,9.6,0.202,millebr01,2003
Brent Barry,31,SEA,0,3,590,0.005,75,33.1,10.3,4,5.1,1.5,0.2,0.458,0.403,0.795,7.3,0.141,barrybr01,2003
Kevin Garnett,26,MIN,0,3,590,0.005,82,40.5,23,13.4,6,1.4,1.6,0.502,0.282,0.751,15.6,0.225,garneke01,2003
Zydrunas Ilgauskas,27,CLE,0,3,590,0.005,81,30,17.2,7.5,1.6,0.7,1.9,0.441,0,0.781,5,0.099,ilgauzy01,2003
Eric Snow,29,PHI,0,3,590,0.005,82,37.9,12.9,3.7,6.6,1.6,0.1,0.452,0.219,0.858,8.4,0.13,snower01,2003
Earl Boykins,26,GSW,0,2,590,0.003,68,19.4,8.8,1.3,3.3,0.6,0.1,0.429,0.377,0.865,3.5,0.127,boykiea01,2003
Dion Glover,24,ATL,0,1,590,0.002,76,24.9,9.7,3.7,1.9,0.9,0.2,0.427,0.354,0.784,2.6,0.065,glovedi01,2003
Anfernee Hardaway,31,PHO,0,1,590,0.002,58,30.6,10.6,4.4,4.1,1.1,0.4,0.447,0.356,0.794,2.3,0.062,hardaan01,2003
Antawn Jamison,26,GSW,0,1,590,0.002,82,39.3,22.2,7,1.9,0.9,0.5,0.47,0.311,0.789,8.5,0.126,jamisan01,2003
Steve Nash,28,DAL,0,1,590,0.002,82,33.1,17.7,2.9,7.3,1,0.1,0.465,0.413,0.909,11.6,0.206,nashst01,2003
Rasho Nesterovi?,26,MIN,0,1,590,0.002,77,30.4,11.2,6.5,1.5,0.5,1.5,0.525,0,0.642,5.2,0.107,nestera01,2003
Stromile Swift,23,MEM,0,1,590,0.002,67,22.1,9.7,5.7,0.7,0.8,1.6,0.481,0,0.722,3.3,0.108,swiftst01,2003
Zach Randolph,22,POR,59,379,605,0.626,81,37.9,20.1,10.5,2,0.8,0.5,0.485,0.2,0.761,7.1,0.111,randoza01,2004
Carlos Boozer,22,CLE,12,166,605,0.274,75,34.6,15.5,11.4,2,1,0.7,0.523,0.167,0.768,9.4,0.174,boozeca01,2004
James Posey,27,MEM,17,137,605,0.226,82,29.9,13.7,4.9,1.5,1.7,0.5,0.478,0.386,0.83,10,0.195,poseyja01,2004
Andrei Kirilenko,22,UTA,11,101,605,0.167,78,37.1,16.5,8.1,3.1,1.9,2.8,0.443,0.338,0.79,11.6,0.192,kirilan01,2004
Michael Redd,24,MIL,9,95,605,0.157,82,36.8,21.7,5,2.3,1,0.1,0.44,0.35,0.868,9.7,0.154,reddmi01,2004
Lamar Odom,24,MIA,1,31,605,0.051,80,37.5,17.1,9.7,4.1,1.1,0.9,0.43,0.298,0.742,8.4,0.134,odomla01,2004
Jamaal Magloire,25,NOH,3,26,605,0.043,82,33.9,13.6,10.3,1,0.5,1.2,0.473,0,0.751,7.6,0.131,magloja01,2004
Samuel Dalembert,22,PHI,3,25,605,0.041,82,26.8,8,7.6,0.3,0.5,2.3,0.541,0,0.644,6.9,0.151,dalemsa01,2004
Joe Johnson,22,PHO,1,20,605,0.033,82,40.6,16.7,4.7,4.4,1.1,0.3,0.43,0.305,0.75,3.3,0.047,johnsjo02,2004
Brian Cardinal,26,GSW,1,18,605,0.03,76,21.5,9.6,4.2,1.4,0.9,0.3,0.472,0.444,0.878,7.2,0.212,cardibr01,2004
Rafer Alston,27,MIA,2,16,605,0.026,82,31.5,10.2,2.8,4.5,1.4,0.2,0.376,0.371,0.769,5.9,0.11,alstora01,2004
Mark Blount,28,BOS,0,10,605,0.017,82,29.3,10.3,7.2,0.9,1,1.3,0.566,,0.719,6.5,0.131,blounma01,2004
Quentin Richardson,23,LAC,1,8,605,0.013,65,36,17.2,6.4,2.1,1,0.3,0.398,0.352,0.74,2.4,0.05,richaqu01,2004
Carlos Arroyo,24,UTA,0,8,605,0.013,71,28.3,12.6,2.6,5,0.9,0.1,0.441,0.325,0.804,4.7,0.112,arroyca01,2004
Metta World Peace,24,IND,1,7,605,0.012,73,37.2,18.3,5.3,3.7,2.1,0.7,0.421,0.31,0.733,8,0.141,artesro01,2004
Yao Ming,23,HOU,0,7,605,0.012,82,32.8,17.5,9,1.5,0.3,1.9,0.522,0,0.809,11.4,0.202,mingya01,2004
Ronald Murray,24,SEA,0,7,605,0.012,82,24.6,12.4,2.5,2.5,1,0.3,0.425,0.293,0.715,1.7,0.04,murraro01,2004
Erick Dampier,28,GSW,0,5,605,0.008,74,32.5,12.3,12,0.8,0.4,1.9,0.535,0,0.654,8.9,0.178,dampier01,2004
Richard Jefferson,23,NJN,0,4,605,0.007,82,38.2,18.5,5.7,3.8,1.1,0.3,0.498,0.364,0.763,11,0.168,jefferi01,2004
Mike Dunleavy,23,GSW,0,3,605,0.005,75,31.1,11.7,5.9,2.9,0.9,0.2,0.449,0.37,0.741,5.2,0.107,dunlemi02,2004
Manu Ginóbili,26,SAS,0,3,605,0.005,77,29.4,12.8,4.5,3.8,1.8,0.2,0.418,0.359,0.802,9.1,0.194,ginobma01,2004
Corey Maggette,24,LAC,0,3,605,0.005,73,36,20.7,5.9,3.1,0.9,0.2,0.447,0.329,0.848,8.6,0.157,maggeco01,2004
Tayshaun Prince,23,DET,0,2,605,0.003,82,32.9,10.3,4.8,2.3,0.8,0.8,0.467,0.363,0.766,7.5,0.134,princta01,2004
Raja Bell,27,UTA,0,1,605,0.002,82,24.6,11.2,2.9,1.3,0.8,0.2,0.409,0.373,0.786,3.7,0.088,bellra01,2004
Marcus Camby,29,DEN,0,1,605,0.002,72,30,8.6,10.1,1.8,1.2,2.6,0.477,0,0.721,6.9,0.154,cambyma01,2004
Pau Gasol,23,MEM,0,1,605,0.002,78,31.5,17.7,7.7,2.5,0.6,1.7,0.482,0.267,0.714,8.1,0.159,gasolpa01,2004
Nenê,21,DEN,0,1,605,0.002,77,32.5,11.8,6.5,2.2,1.5,0.5,0.53,0,0.682,6.1,0.117,hilarne01,2004
Stephen Jackson,25,ATL,0,1,605,0.002,80,36.8,18.1,4.6,3.1,1.8,0.3,0.425,0.34,0.785,4.4,0.072,jacksst02,2004
Desmond Mason,26,MIL,0,1,605,0.002,82,30.9,14.4,4.4,1.9,0.7,0.3,0.472,0.231,0.769,5.7,0.107,masonde01,2004
Kenny Thomas,26,PHI,0,1,605,0.002,74,36.5,13.6,10.1,1.5,1.1,0.4,0.469,0.2,0.752,6.6,0.118,thomake01,2004
Jason Williams,28,MEM,0,1,605,0.002,72,29.4,10.9,2,6.8,1.3,0.1,0.407,0.33,0.837,5.4,0.122,willija02,2004
Bobby Simmons,24,LAC,59,384,615,0.624,75,37.3,16.4,5.9,2.7,1.4,0.2,0.466,0.435,0.846,6.8,0.117,simmobo01,2005
Dwyane Wade,23,MIA,15,129,615,0.21,77,38.6,24.1,5.2,6.8,1.6,1.1,0.478,0.289,0.762,11,0.177,wadedw01,2005
Tayshaun Prince,24,DET,14,107,615,0.174,82,37.1,14.7,5.3,3,0.7,0.9,0.487,0.341,0.807,9.4,0.149,princta01,2005
Primož Brezec,25,CHA,5,75,615,0.122,72,31.6,13,7.4,1.2,0.5,0.8,0.512,,0.745,4.9,0.104,brezepr01,2005
Dan Dickau,26,TOT,5,68,615,0.111,71,29.4,12.5,2.5,4.9,1.1,0.1,0.405,0.347,0.833,3.5,0.079,dickada01,2005
LeBron James,20,CLE,4,57,615,0.093,80,42.4,27.2,7.4,7.2,2.2,0.7,0.472,0.351,0.75,14.3,0.203,jamesle01,2005
Amar'e Stoudemire,22,PHO,5,46,615,0.075,80,36.1,26,8.9,1.6,1,1.6,0.559,0.188,0.733,14.6,0.243,stoudam01,2005
Larry Hughes,26,WAS,1,28,615,0.046,61,38.7,22,6.3,4.7,2.9,0.3,0.43,0.282,0.777,7.7,0.157,hughela01,2005
Joel Przybilla,25,POR,1,28,615,0.046,76,24.4,6.4,7.7,1,0.3,2.1,0.598,,0.517,4.7,0.121,przybjo01,2005
Chris Bosh,20,TOR,1,21,615,0.034,81,37.2,16.8,8.9,1.9,0.9,1.4,0.471,0.3,0.76,6.8,0.108,boshch01,2005
Grant Hill,32,ORL,2,17,615,0.028,67,34.9,19.7,4.7,3.3,1.4,0.4,0.509,0.231,0.821,6.6,0.136,hillgr01,2005
Udonis Haslem,24,MIA,1,16,615,0.026,80,33.4,10.9,9.1,1.4,0.8,0.5,0.54,0,0.791,9.2,0.165,hasleud01,2005
Damon Jones,28,MIA,2,14,615,0.023,82,31.4,11.6,2.8,4.3,0.5,0.1,0.456,0.432,0.791,8.7,0.162,jonesda01,2005
Luke Ridnour,23,SEA,1,14,615,0.023,82,31.4,10,2.5,5.9,1.1,0.3,0.405,0.376,0.883,5.4,0.1,ridnolu01,2005
Gilbert Arenas,23,WAS,1,13,615,0.021,80,40.9,25.5,4.7,5.1,1.7,0.3,0.431,0.365,0.814,11.5,0.169,arenagi01,2005
Kirk Hinrich,24,CHI,1,12,615,0.02,77,36.4,15.7,3.9,6.4,1.6,0.3,0.397,0.355,0.792,7.2,0.124,hinriki01,2005
Kyle Korver,23,PHI,0,9,615,0.015,82,32.5,11.5,4.6,2.2,1.3,0.4,0.418,0.405,0.854,6.6,0.119,korveky01,2005
Tyson Chandler,22,CHI,0,8,615,0.013,80,27.4,8,9.7,0.8,0.9,1.8,0.494,0,0.673,8.3,0.183,chandty01,2005
Josh Howard,24,DAL,1,7,615,0.011,76,32.2,12.6,6.4,1.4,1.5,0.6,0.475,0.296,0.733,6.4,0.126,howarjo01,2005
Vince Carter,28,TOT,1,6,615,0.01,77,36.7,24.5,5.2,4.2,1.4,0.6,0.452,0.406,0.798,9.4,0.159,cartevi01,2005
Joe Johnson,23,PHO,0,6,615,0.01,82,39.5,17.1,5.1,3.5,1,0.3,0.461,0.478,0.75,7.6,0.112,johnsjo02,2005
Shawn Marion,26,PHO,1,5,615,0.008,81,38.8,19.4,11.3,1.9,2,1.5,0.476,0.334,0.833,12.5,0.191,mariosh01,2005
Dirk Nowitzki,26,DAL,1,5,615,0.008,78,38.7,26.1,9.7,3.1,1.2,1.5,0.459,0.399,0.869,15.6,0.248,nowitdi01,2005
Shaquille O'Neal,32,MIA,1,5,615,0.008,73,34.1,22.9,10.4,2.7,0.5,2.3,0.601,,0.461,11,0.211,onealsh01,2005
Eddy Curry,22,CHI,0,5,615,0.008,63,28.7,16.1,5.4,0.6,0.3,0.9,0.538,,0.72,4.3,0.115,curryed01,2005
Reggie Evans,24,SEA,0,3,615,0.005,79,23.8,4.9,9.3,0.7,0.7,0.2,0.476,0,0.534,3.8,0.096,evansre01,2005
Fred Jones,25,IND,0,3,615,0.005,77,29.5,10.6,3.1,2.5,0.8,0.4,0.425,0.38,0.85,4.8,0.102,jonesfr01,2005
Brevin Knight,29,CHA,0,3,615,0.005,66,29.5,10.1,2.6,9,2,0.1,0.422,0.15,0.852,4.5,0.11,knighbr01,2005
Jason Richardson,24,GSW,0,3,615,0.005,72,37.8,21.7,5.9,3.9,1.5,0.4,0.446,0.338,0.693,5.7,0.1,richaja01,2005
Gerald Wallace,22,CHA,0,3,615,0.005,70,30.7,11.1,5.5,2,1.7,1.3,0.449,0.274,0.661,2.4,0.055,wallage01,2005
Drew Gooden,23,CLE,0,2,615,0.003,82,30.8,14.4,9.2,1.6,0.9,0.9,0.492,0.179,0.81,8.5,0.163,goodedr01,2005
Ricky Davis,25,BOS,0,1,615,0.002,82,32.9,16,3,3,1.1,0.3,0.462,0.339,0.815,4.2,0.074,davisri01,2005
Anthony Johnson,30,IND,0,1,615,0.002,63,27.7,8.4,2.8,4.8,0.9,0.2,0.445,0.38,0.752,4,0.11,johnsan02,2005
Rashard Lewis,25,SEA,0,1,615,0.002,71,38,20.5,5.5,1.3,1.1,0.9,0.462,0.4,0.777,8.4,0.15,lewisra02,2005
Tony Parker,22,SAS,0,1,615,0.002,80,34.2,16.6,3.7,6.1,1.2,0.1,0.482,0.276,0.65,8.1,0.141,parketo01,2005
Mickaël Piétrus,22,GSW,0,1,615,0.002,67,20,9.5,2.8,1.2,0.7,0.3,0.427,0.344,0.698,2.1,0.075,pietrmi01,2005
Boris Diaw,23,PHO,80,489,630,0.776,81,35.5,13.3,6.9,6.2,0.7,1,0.526,0.267,0.731,8.9,0.149,diawbo01,2006
David West,25,NOK,22,283,630,0.449,74,34.1,17.1,7.4,1.2,0.8,0.9,0.512,0.273,0.843,7.4,0.141,westda01,2006
Nenad Krsti?,22,NJN,4,65,630,0.103,80,30.9,13.5,6.4,1.1,0.4,0.8,0.507,0.25,0.698,5.4,0.105,krstine01,2006
Gerald Wallace,23,CHA,3,46,630,0.073,55,34.5,15.2,7.5,1.7,2.5,2.1,0.538,0.28,0.614,6.4,0.163,wallage01,2006
Chris Bosh,21,TOR,3,43,630,0.068,70,39.3,22.5,9.2,2.6,0.7,1.1,0.505,0,0.816,9.8,0.17,boshch01,2006
Andrés Nocioni,26,CHI,4,29,630,0.046,82,27.3,13,6.1,1.4,0.5,0.6,0.461,0.391,0.843,6.7,0.144,nocioan01,2006
Tony Parker,23,SAS,3,29,630,0.046,80,33.9,18.9,3.3,5.8,1,0.1,0.548,0.306,0.707,9.6,0.169,parketo01,2006
Mike James,30,TOR,1,21,630,0.033,79,37,20.3,3.3,5.8,0.9,0,0.469,0.442,0.837,7.6,0.125,jamesmi01,2006
Carmelo Anthony,21,DEN,2,19,630,0.03,80,36.8,26.5,4.9,2.7,1.1,0.5,0.481,0.243,0.808,9.4,0.153,anthoca01,2006
Jameer Nelson,23,ORL,1,18,630,0.029,62,28.8,14.6,2.9,4.9,1.1,0.1,0.483,0.424,0.779,4.9,0.132,nelsoja01,2006
Yao Ming,25,HOU,2,14,630,0.022,57,34.2,22.3,10.2,1.5,0.5,1.6,0.519,0,0.853,8.6,0.211,mingya01,2006
Chris Kaman,23,LAC,0,14,630,0.022,78,32.8,11.9,9.6,1,0.6,1.4,0.523,0,0.77,6.1,0.114,kamanch01,2006
Elton Brand,26,LAC,0,10,630,0.016,79,39.2,24.7,10,2.6,1,2.5,0.527,0.333,0.775,14.8,0.229,brandel01,2006
DeSagana Diop,24,DAL,1,8,630,0.013,81,18.6,2.3,4.6,0.3,0.5,1.8,0.487,0.5,0.542,4.1,0.13,diopde01,2006
Smush Parker,24,LAL,0,8,630,0.013,82,33.8,11.5,3.3,3.7,1.7,0.2,0.447,0.366,0.694,5.8,0.1,parkesm01,2006
Pau Gasol,25,MEM,0,6,630,0.01,80,39.2,20.4,8.9,4.6,0.6,1.9,0.503,0.25,0.689,12,0.184,gasolpa01,2006
Mehmet Okur,26,UTA,0,6,630,0.01,82,35.9,18,9.1,2.4,0.5,0.9,0.46,0.342,0.78,9.3,0.152,okurme01,2006
Dwight Howard,20,ORL,0,5,630,0.008,82,36.8,15.8,12.5,1.5,0.8,1.4,0.531,0,0.595,8.6,0.137,howardw01,2006
Caron Butler,25,WAS,0,4,630,0.006,75,36.1,17.6,6.2,2.5,1.7,0.2,0.455,0.342,0.87,6.3,0.112,butleca01,2006
LeBron James,21,CLE,0,4,630,0.006,79,42.5,31.4,7,6.6,1.6,0.8,0.48,0.335,0.738,16.3,0.232,jamesle01,2006
Kevin Martin,22,SAC,0,2,630,0.003,72,26.6,10.8,3.6,1.3,0.8,0.1,0.48,0.369,0.847,5.5,0.137,martike02,2006
Zaza Pachulia,21,ATL,0,2,630,0.003,78,31.4,11.7,7.9,1.7,1.1,0.5,0.451,0,0.735,3.9,0.077,pachuza01,2006
Raja Bell,29,PHO,0,1,630,0.002,79,37.5,14.7,3.2,2.6,1,0.3,0.457,0.442,0.788,6.8,0.11,bellra01,2006
Kobe Bryant,27,LAL,0,1,630,0.002,80,41,35.4,5.3,4.5,1.8,0.4,0.45,0.347,0.85,15.3,0.224,bryanko01,2006
Luol Deng,20,CHI,0,1,630,0.002,78,33.4,14.3,6.6,1.9,0.9,0.6,0.463,0.269,0.75,6.5,0.12,denglu01,2006
Matt Harpring,29,UTA,0,1,630,0.002,71,27.4,12.5,5.2,1.4,0.8,0.2,0.475,0.359,0.725,4.7,0.115,harprma01,2006
Paul Pierce,28,BOS,0,1,630,0.002,79,39,26.8,6.7,4.7,1.4,0.4,0.471,0.354,0.772,11.5,0.178,piercpa01,2006
Bobby Simmons,25,MIL,0,1,630,0.002,75,33.8,13.4,4.4,2.3,1.1,0.3,0.453,0.42,0.825,5.3,0.101,simmobo01,2006
Josh Smith,20,ATL,0,1,630,0.002,80,32,11.3,6.6,2.4,0.8,2.6,0.425,0.309,0.719,3.6,0.067,smithjo03,2006
Chris Wilcox,23,TOT,0,1,630,0.002,77,19.9,8.1,5.3,0.7,0.4,0.4,0.571,0,0.732,4.4,0.138,wilcoch01,2006
Mo Williams,23,MIL,0,1,630,0.002,58,26.4,12.1,2.5,4,0.9,0.1,0.424,0.382,0.85,2.5,0.079,willima01,2006
Monta Ellis,21,GSW,47,352,645,0.546,77,34.3,16.5,3.2,4.1,1.7,0.3,0.475,0.273,0.763,4,0.072,ellismo01,2007
Kevin Martin,23,SAC,44,349,645,0.541,80,35.2,20.2,4.3,2.2,1.2,0.1,0.473,0.381,0.844,10.2,0.173,martike02,2007
Deron Williams,22,UTA,13,101,645,0.157,80,36.9,16.2,3.3,9.3,1,0.2,0.456,0.322,0.767,7.2,0.117,willide01,2007
Tyson Chandler,24,NOK,6,72,645,0.112,73,34.6,9.5,12.4,0.9,0.5,1.8,0.624,0,0.527,7.9,0.15,chandty01,2007
Andris Biedri?š,20,GSW,8,64,645,0.099,82,29,9.5,9.3,1.1,0.8,1.7,0.599,,0.521,6.7,0.136,biedran01,2007
Al Jefferson,22,BOS,2,62,645,0.096,69,33.6,16,11,1.3,0.7,1.5,0.514,0,0.681,6.6,0.137,jeffeal01,2007
Luol Deng,21,CHI,2,44,645,0.068,82,37.5,18.8,7.1,2.5,1.2,0.6,0.517,0.143,0.777,11.3,0.176,denglu01,2007
Leandro Barbosa,24,PHO,3,24,645,0.037,80,32.7,18.1,2.7,4,1.2,0.2,0.476,0.434,0.845,8.2,0.151,barbole01,2007
Andre Iguodala,23,PHI,1,14,645,0.022,76,40.3,18.2,5.7,5.7,2,0.4,0.447,0.31,0.82,7.7,0.12,iguodan01,2007
David Lee,23,NYK,0,12,645,0.019,58,29.8,10.7,10.4,1.8,0.8,0.4,0.6,,0.815,6.9,0.191,leeda02,2007
Jason Kapono,25,MIA,0,10,645,0.016,67,26.4,10.9,2.7,1.2,0.6,0,0.494,0.514,0.892,4.2,0.114,kaponja01,2007
Josh Howard,26,DAL,1,9,645,0.014,70,35.1,18.9,6.8,1.8,1.2,0.8,0.459,0.385,0.827,8.8,0.173,howarjo01,2007
Mikki Moore,31,NJN,0,9,645,0.014,79,26.4,9.8,5.1,0.9,0.6,0.8,0.609,0,0.681,5.7,0.131,mooremi01,2007
Carlos Boozer,25,UTA,1,8,645,0.012,74,34.6,20.9,11.7,3,0.9,0.3,0.561,,0.685,9.9,0.185,boozeca01,2007
José Calderón,25,TOR,0,6,645,0.009,77,21,8.7,1.7,5,0.8,0.1,0.521,0.333,0.818,5.4,0.162,caldejo01,2007
Amar'e Stoudemire,24,PHO,1,5,645,0.008,82,32.8,20.4,9.6,1,1,1.3,0.575,0,0.781,11.2,0.201,stoudam01,2007
Matt Carroll,26,CHA,0,3,645,0.005,72,26.1,12.1,2.9,1.3,0.7,0.1,0.433,0.416,0.904,4.6,0.117,carroma01,2007
Eddy Curry,24,NYK,0,3,645,0.005,81,35.2,19.5,7,0.8,0.4,0.5,0.576,1,0.615,4.7,0.079,curryed01,2007
Boštjan Nachbar,26,NJN,0,3,645,0.005,76,20.2,9.2,3.3,0.8,0.4,0.3,0.457,0.423,0.805,4.1,0.128,nachbbo01,2007
Caron Butler,26,WAS,0,2,645,0.003,63,39.3,19.1,7.4,3.7,2.1,0.3,0.463,0.25,0.863,5.3,0.103,butleca01,2007
Andrew Bynum,19,LAL,0,1,645,0.002,82,21.9,7.8,5.9,1.1,0.1,1.6,0.558,0,0.668,4.2,0.112,bynuman01,2007
Ben Gordon,23,CHI,0,1,645,0.002,82,33,21.4,3.1,3.6,0.8,0.2,0.455,0.413,0.864,8.6,0.152,gordobe01,2007
Nenê,24,DEN,0,1,645,0.002,64,26.8,12.2,7,1.2,1,0.9,0.57,0,0.689,5.3,0.148,hilarne01,2007
Dwight Howard,21,ORL,0,1,645,0.002,82,36.9,17.6,12.3,1.9,0.9,1.9,0.603,0.5,0.586,9.7,0.154,howardw01,2007
Sasha Pavlovi?,23,CLE,0,1,645,0.002,67,22.9,9,2.4,1.6,0.8,0.3,0.453,0.405,0.794,3.1,0.098,pavloal01,2007
Josh Smith,21,ATL,0,1,645,0.002,72,36.8,16.4,8.6,3.3,1.4,2.9,0.439,0.25,0.693,4.4,0.079,smithjo03,2007
Gerald Wallace,24,CHA,0,1,645,0.002,72,36.7,18.1,7.2,2.6,2,1,0.502,0.325,0.691,7.7,0.141,wallage01,2007
Luke Walton,26,LAL,0,1,645,0.002,60,33,11.4,5,4.3,1,0.4,0.474,0.387,0.745,3.8,0.092,waltolu01,2007
Chris Wilcox,24,SEA,0,1,645,0.002,82,31.5,13.5,7.7,1,0.9,0.5,0.529,0,0.684,6,0.112,wilcoch01,2007
Hedo Türko?lu,28,ORL,61,380,625,0.608,82,36.9,19.5,5.7,5,0.9,0.3,0.456,0.4,0.829,9,0.143,turkohe01,2008
Rudy Gay,21,MEM,23,167,625,0.267,81,37,20.1,6.2,2,1.4,1,0.461,0.346,0.785,5,0.08,gayru01,2008
LaMarcus Aldridge,22,POR,9,128,625,0.205,76,34.9,17.8,7.6,1.6,0.7,1.2,0.484,0.143,0.762,6.2,0.113,aldrila01,2008
Al Jefferson,23,MIN,6,100,625,0.16,82,35.6,21,11.1,1.4,0.9,1.5,0.5,0,0.721,7.7,0.127,jeffeal01,2008
Rajon Rondo,21,BOS,6,77,625,0.123,77,29.9,10.6,4.2,5.1,1.7,0.2,0.492,0.263,0.611,7.2,0.15,rondora01,2008
Mike Dunleavy,27,IND,3,51,625,0.082,82,36,19.1,5.2,3.5,1,0.4,0.476,0.424,0.834,8.5,0.138,dunlemi02,2008
José Calderón,26,TOR,2,45,625,0.072,82,30.3,11.2,2.9,8.3,1.1,0.1,0.519,0.429,0.908,10.2,0.197,caldejo01,2008
Chris Paul,22,NOH,5,41,625,0.066,80,37.6,21.1,4,11.6,2.7,0.1,0.488,0.369,0.851,17.8,0.284,paulch01,2008
Beno Udrih,25,SAC,1,17,625,0.027,65,32,12.8,3.3,4.3,0.9,0.2,0.463,0.387,0.85,2.4,0.056,udrihbe01,2008
David West,27,NOH,1,15,625,0.024,76,37.8,20.6,8.9,2.3,0.8,1.3,0.482,0.24,0.85,8.4,0.14,westda01,2008
Ronnie Brewer,22,UTA,1,12,625,0.019,76,27.5,12,2.9,1.8,1.7,0.3,0.558,0.22,0.759,7.8,0.178,brewero02,2008
Andrew Bynum,20,LAL,1,11,625,0.018,35,28.8,13.1,10.2,1.7,0.3,2.1,0.636,,0.695,4.8,0.23,bynuman01,2008
Chris Kaman,25,LAC,1,9,625,0.014,56,37.2,15.7,12.7,1.9,0.6,2.8,0.483,0,0.762,3.6,0.083,kamanch01,2008
Lou Williams,21,PHI,1,8,625,0.013,80,23.3,11.5,2.1,3.2,1,0.2,0.424,0.359,0.783,4.4,0.112,willilo02,2008
Andrew Bogut,23,MIL,0,7,625,0.011,78,34.9,14.3,9.8,2.6,0.8,1.7,0.511,0,0.587,4.8,0.085,bogutan01,2008
Monta Ellis,22,GSW,0,7,625,0.011,81,37.9,20.2,5,3.9,1.5,0.3,0.531,0.231,0.767,9,0.14,ellismo01,2008
Rafer Alston,31,HOU,1,6,625,0.01,74,34.1,13.1,3.5,5.3,1.3,0.2,0.394,0.351,0.715,5,0.095,alstora01,2008
Andre Iguodala,24,PHI,1,5,625,0.008,82,39.5,19.9,5.4,4.8,2.1,0.6,0.456,0.329,0.721,9.6,0.143,iguodan01,2008
LeBron James,23,CLE,1,5,625,0.008,75,40.4,30,7.9,7.2,1.8,1.1,0.484,0.315,0.712,15.2,0.242,jamesle01,2008
Travis Outlaw,23,POR,1,5,625,0.008,82,26.7,13.3,4.6,1.3,0.7,0.8,0.433,0.396,0.741,3.2,0.071,outlatr01,2008
Brandon Bass,22,DAL,0,4,625,0.006,79,19.7,8.3,4.4,0.7,0.3,0.6,0.499,0,0.822,4.3,0.132,bassbr01,2008
Deron Williams,23,UTA,0,4,625,0.006,82,37.3,18.8,3,10.5,1.1,0.3,0.507,0.395,0.803,11.3,0.177,willide01,2008
Tyson Chandler,25,NOH,0,3,625,0.005,79,35.2,11.8,11.7,1,0.6,1.1,0.623,0,0.593,10,0.172,chandty01,2008
Dwight Howard,22,ORL,0,3,625,0.005,82,37.7,20.7,14.2,1.3,0.9,2.1,0.599,0,0.59,12.9,0.2,howardw01,2008
Linas Kleiza,23,DEN,0,3,625,0.005,79,23.9,11.1,4.2,1.2,0.6,0.2,0.472,0.339,0.77,4.7,0.119,kleizli01,2008
Jason Maxiell,24,DET,0,3,625,0.005,82,21.6,7.9,5.3,0.6,0.3,1.1,0.538,0,0.633,6.3,0.171,maxieja01,2008
Shaquille O'Neal,35,TOT,0,3,625,0.005,61,28.7,13.6,9.1,1.5,0.5,1.4,0.593,,0.503,2.8,0.078,onealsh01,2008
Danny Granger,24,IND,0,2,625,0.003,80,36,19.6,6.1,2.1,1.2,1.1,0.446,0.404,0.852,7.3,0.122,grangda01,2008
Brandon Roy,23,POR,0,2,625,0.003,74,37.7,19.1,4.7,5.8,1.1,0.2,0.454,0.34,0.753,8,0.138,roybr01,2008
Roger Mason,27,WAS,0,1,625,0.002,80,21.4,9.1,1.6,1.7,0.5,0.2,0.443,0.398,0.873,3.4,0.096,masonro01,2008
J.R. Smith,22,DEN,0,1,625,0.002,74,19.2,12.3,2.1,1.7,0.8,0.2,0.461,0.403,0.719,3.7,0.126,smithjr01,2008
Danny Granger,25,IND,48,364,605,0.602,67,36.2,25.8,5.1,2.7,1,1.4,0.447,0.404,0.878,8,0.158,grangda01,2009
Devin Harris,25,NJN,43,339,605,0.56,69,36.1,21.3,3.3,6.9,1.7,0.2,0.438,0.291,0.82,7.5,0.145,harride01,2009
Kevin Durant,20,OKC,6,83,605,0.137,74,39,25.3,6.5,2.8,1.3,0.7,0.476,0.422,0.863,7.9,0.132,duranke01,2009
Paul Millsap,23,UTA,3,77,605,0.127,76,30.1,13.5,8.6,1.8,1,1,0.534,0,0.699,7.7,0.162,millspa01,2009
Nenê,26,DEN,7,58,605,0.096,77,32.6,14.6,7.8,1.4,1.2,1.3,0.604,0.2,0.723,9.3,0.177,hilarne01,2009
Rajon Rondo,22,BOS,2,29,605,0.048,80,33,11.9,5.2,8.2,1.9,0.1,0.505,0.313,0.642,9.9,0.179,rondora01,2009
David Lee,25,NYK,1,25,605,0.041,81,34.9,16,11.7,2.1,1,0.3,0.549,0,0.755,9,0.154,leeda02,2009
John Salmons,29,TOT,2,17,605,0.028,79,37.5,18.3,4.2,3.2,1.1,0.3,0.472,0.417,0.83,5.6,0.09,salmojo01,2009
Thaddeus Young,20,PHI,1,16,605,0.026,75,34.4,15.3,5,1.1,1.3,0.3,0.495,0.341,0.735,5.5,0.102,youngth01,2009
Von Wafer,23,HOU,2,12,605,0.02,63,19.4,9.7,1.8,1.1,0.6,0.1,0.447,0.39,0.752,2.6,0.103,wafervo01,2009
Brandon Roy,24,POR,1,8,605,0.013,78,37.2,22.6,4.7,5.1,1.1,0.3,0.48,0.377,0.824,13.5,0.223,roybr01,2009
Chris Andersen,30,DEN,1,6,605,0.01,71,20.6,6.4,6.2,0.4,0.6,2.5,0.548,0.2,0.718,5.4,0.176,anderch01,2009
J.R. Smith,23,DEN,1,6,605,0.01,81,27.7,15.2,3.7,2.8,1,0.2,0.446,0.397,0.754,5.8,0.124,smithjr01,2009
Wilson Chandler,21,NYK,1,5,605,0.008,82,33.4,14.4,5.4,2.1,0.9,0.9,0.432,0.328,0.795,3.1,0.054,chandwi01,2009
Glen Davis,23,BOS,1,5,605,0.008,76,21.5,7,4,0.9,0.7,0.3,0.442,0.4,0.73,3.7,0.108,davisgl01,2009
Jason Terry,31,DAL,1,5,605,0.008,74,33.7,19.6,2.4,3.4,1.3,0.3,0.463,0.366,0.88,7.3,0.14,terryja01,2009
Aaron Brooks,24,HOU,0,4,605,0.007,80,25,11.2,2,3,0.6,0.1,0.404,0.366,0.866,3.6,0.086,brookaa01,2009
Jameer Nelson,26,ORL,0,4,605,0.007,42,31.2,16.7,3.5,5.4,1.2,0.1,0.503,0.453,0.887,6,0.22,nelsoja01,2009
LaMarcus Aldridge,23,POR,0,3,605,0.005,81,37.1,18.1,7.5,1.9,1,1,0.484,0.25,0.781,9.5,0.151,aldrila01,2009
Kelenna Azubuike,25,GSW,0,3,605,0.005,74,32.1,14.4,5,1.6,0.8,0.7,0.464,0.448,0.808,4.1,0.083,azubuke01,2009
Roger Mason,28,SAS,0,3,605,0.005,82,30.4,11.8,3.1,2.1,0.5,0.1,0.425,0.421,0.89,4.7,0.091,masonro01,2009
Dwyane Wade,27,MIA,0,3,605,0.005,79,38.6,30.2,5,7.5,2.2,1.3,0.491,0.317,0.765,14.7,0.232,wadedw01,2009
Ronnie Brewer,23,UTA,0,2,605,0.003,81,32.2,13.7,3.7,2.2,1.7,0.4,0.508,0.259,0.702,6.8,0.126,brewero02,2009
Luis Scola,28,HOU,0,2,605,0.003,82,30.3,12.7,8.8,1.5,0.8,0.1,0.531,0,0.76,8.6,0.165,scolalu01,2009
J.J. Barea,24,DAL,0,1,605,0.002,79,20.3,7.8,2.2,3.4,0.5,0.1,0.442,0.357,0.753,2.2,0.066,bareajo01,2009
Andrea Bargnani,23,TOR,0,1,605,0.002,78,31.4,15.4,5.3,1.2,0.4,1.2,0.45,0.409,0.831,3.9,0.076,bargnan01,2009
Rasual Butler,29,NOH,0,1,605,0.002,82,31.9,11.2,3.3,0.9,0.6,0.7,0.433,0.39,0.782,4.6,0.084,butlera01,2009
Mike Conley,21,MEM,0,1,605,0.002,82,30.6,10.9,3.4,4.3,1.1,0.1,0.442,0.406,0.817,4.5,0.086,conlemi01,2009
Jeff Green,22,OKC,0,1,605,0.002,78,36.8,16.5,6.7,2,1,0.4,0.446,0.389,0.788,4.2,0.07,greenje02,2009
Emeka Okafor,26,CHA,0,1,605,0.002,82,32.8,13.2,10.1,0.6,0.6,1.7,0.561,,0.593,8.2,0.147,okafoem01,2009
Kendrick Perkins,24,BOS,0,1,605,0.002,76,29.6,8.5,8.1,1.3,0.3,2,0.577,0,0.6,5.6,0.119,perkike01,2009
Tyrus Thomas,22,CHI,0,1,605,0.002,79,27.5,10.8,6.4,1,1.2,1.9,0.451,0.333,0.783,4.6,0.101,thomaty01,2009
Gerald Wallace,26,CHA,0,1,605,0.002,71,37.6,16.6,7.8,2.7,1.7,0.9,0.48,0.298,0.804,9.5,0.172,wallage01,2009
Mo Williams,26,CLE,0,1,605,0.002,81,35,17.8,3.4,4.1,0.9,0.1,0.467,0.436,0.912,9.8,0.165,willima01,2009
Aaron Brooks,25,HOU,62,403,615,0.655,82,35.6,19.6,2.6,5.3,0.8,0.2,0.432,0.398,0.822,5.5,0.091,brookaa01,2010
Kevin Durant,21,OKC,17,101,615,0.164,82,39.5,30.1,7.6,2.8,1.4,1,0.476,0.365,0.9,16.1,0.238,duranke01,2010
Marc Gasol,25,MEM,9,101,615,0.164,69,35.8,14.6,9.3,2.4,1,1.6,0.581,0,0.67,8.4,0.164,gasolma01,2010
George Hill,23,SAS,7,101,615,0.164,78,29.2,12.4,2.6,2.9,0.9,0.3,0.478,0.399,0.772,6.7,0.142,hillge01,2010
Andrew Bogut,25,MIL,7,93,615,0.151,69,32.3,15.9,10.2,1.8,0.6,2.5,0.52,0,0.629,7.5,0.161,bogutan01,2010
Russell Westbrook,21,OKC,5,67,615,0.109,82,34.3,16.1,4.9,8,1.3,0.4,0.418,0.221,0.78,6.1,0.105,westbru01,2010
Joakim Noah,24,CHI,7,64,615,0.104,64,30.1,10.7,11,2.1,0.5,1.6,0.504,,0.744,6.2,0.154,noahjo01,2010
Gerald Wallace,27,CHA,3,29,615,0.047,76,41,18.2,10,2.1,1.5,1.1,0.484,0.371,0.776,11.5,0.177,wallage01,2010
Brook Lopez,21,NJN,1,19,615,0.031,82,36.9,18.8,8.6,2.3,0.7,1.7,0.499,0,0.817,7.9,0.125,lopezbr01,2010
Corey Brewer,23,MIN,0,19,615,0.031,82,30.3,13,3.4,2.4,1.4,0.4,0.431,0.346,0.648,1,0.02,breweco01,2010
Carl Landry,26,TOT,0,18,615,0.029,80,30.9,16.8,5.9,0.8,0.7,0.8,0.536,0.333,0.806,7.7,0.15,landrca01,2010
Rajon Rondo,23,BOS,2,12,615,0.02,81,36.6,13.7,4.4,9.8,2.3,0.1,0.508,0.213,0.621,9.6,0.156,rondora01,2010
Andray Blatche,23,WAS,1,12,615,0.02,81,27.9,14.1,6.3,2.1,1,0.9,0.478,0.295,0.744,3.4,0.073,blatcan01,2010
Channing Frye,26,PHO,1,10,615,0.016,81,27,11.2,5.3,1.4,0.8,0.9,0.451,0.439,0.81,6.4,0.141,fryech01,2010
Danilo Gallinari,21,NYK,0,10,615,0.016,81,33.9,15.1,4.9,1.7,0.9,0.7,0.423,0.381,0.818,5.6,0.098,gallida01,2010
Josh Smith,24,ATL,0,8,615,0.013,81,35.4,15.7,8.7,4.2,1.6,2.1,0.505,0,0.618,9.3,0.155,smithjo03,2010
David Lee,26,NYK,0,7,615,0.011,81,37.3,20.2,11.7,3.6,1,0.5,0.545,0,0.812,10.3,0.163,leeda02,2010
Dwight Howard,24,ORL,1,5,615,0.008,82,34.7,18.3,13.2,1.8,0.9,2.8,0.612,0,0.592,13.2,0.223,howardw01,2010
Ersan ?lyasova,22,MIL,0,4,615,0.007,81,23.4,10.4,6.4,1,0.7,0.3,0.443,0.336,0.715,5.8,0.146,ilyaser01,2010
Chris Kaman,27,LAC,0,4,615,0.007,76,34.3,18.5,9.3,1.6,0.5,1.2,0.49,0,0.749,2.4,0.044,kamanch01,2010
J.J. Redick,25,ORL,0,4,615,0.007,82,22,9.6,1.9,1.9,0.3,0,0.439,0.405,0.86,6.5,0.173,redicjj01,2010
Chris Douglas-Roberts,23,NJN,0,3,615,0.005,67,25.8,9.8,3,1.4,0.8,0.3,0.445,0.259,0.847,0.7,0.02,douglch01,2010
Nenê,27,DEN,0,3,615,0.005,82,33.6,13.8,7.6,2.5,1.4,1,0.587,0,0.704,10.8,0.188,hilarne01,2010
Paul Millsap,24,UTA,0,3,615,0.005,82,27.8,11.6,6.8,1.6,0.8,1.2,0.538,0.111,0.693,7.2,0.151,millspa01,2010
Robin Lopez,21,PHO,0,2,615,0.003,51,19.3,8.4,4.9,0.1,0.2,1,0.588,,0.704,3.2,0.158,lopezro01,2010
Monta Ellis,24,GSW,0,1,615,0.002,64,41.4,25.5,4,5.3,2.2,0.4,0.449,0.338,0.753,1.3,0.023,ellismo01,2010
J.J. Hickson,21,CLE,0,1,615,0.002,81,20.9,8.5,4.9,0.5,0.4,0.5,0.554,0,0.681,4.3,0.123,hicksjj01,2010
Zach Randolph,28,MEM,0,1,615,0.002,81,37.7,20.8,11.7,1.8,1,0.4,0.488,0.288,0.778,9.7,0.153,randoza01,2010
John Salmons,30,TOT,0,1,615,0.002,81,34.9,15.4,3.3,2.8,1.2,0.3,0.441,0.382,0.83,7.1,0.121,salmojo01,2010
Ben Wallace,35,DET,0,1,615,0.002,69,28.6,5.5,8.7,1.5,1.2,1.2,0.541,0,0.406,4.7,0.115,wallabe01,2010
Kevin Love,22,MIN,66,400,580,0.69,73,35.8,20.2,15.2,2.5,0.6,0.4,0.47,0.417,0.85,11.4,0.21,loveke01,2011
LaMarcus Aldridge,25,POR,11,157,580,0.271,81,39.6,21.8,8.8,2.1,1,1.2,0.5,0.174,0.791,11.1,0.166,aldrila01,2011
Dorell Wright,25,GSW,16,124,580,0.214,82,38.4,16.4,5.3,3,1.5,0.8,0.423,0.376,0.789,5.8,0.088,wrighdo01,2011
Derrick Rose,22,CHI,11,69,580,0.119,81,37.4,25,4.1,7.7,1,0.6,0.445,0.332,0.858,13.1,0.208,rosede01,2011
Kris Humphries,25,NJN,1,63,580,0.109,74,27.9,10,10.4,1.1,0.4,1.1,0.527,0,0.665,5.4,0.125,humphkr01,2011
Kyle Lowry,24,HOU,3,48,580,0.083,75,34.2,13.5,4.1,6.7,1.4,0.3,0.426,0.376,0.765,7,0.13,lowryky01,2011
Russell Westbrook,22,OKC,3,46,580,0.079,82,34.7,21.9,4.6,8.2,1.9,0.4,0.442,0.33,0.842,9.4,0.159,westbru01,2011
Wesley Matthews,24,POR,2,32,580,0.055,82,33.6,15.9,3.1,2,1.2,0.1,0.449,0.407,0.844,7.2,0.126,matthwe02,2011
Jrue Holiday,20,PHI,1,15,580,0.026,82,35.4,14,4,6.5,1.5,0.4,0.446,0.365,0.823,5.7,0.094,holidjr01,2011
Mike Conley,23,MEM,0,14,580,0.024,81,35.5,13.7,3,6.5,1.8,0.2,0.444,0.369,0.733,6.6,0.111,conlemi01,2011
Arron Afflalo,25,DEN,0,13,580,0.022,69,33.7,12.6,3.6,2.4,0.5,0.4,0.498,0.423,0.847,6.2,0.128,afflaar01,2011
Roy Hibbert,24,IND,1,9,580,0.016,81,27.7,12.7,7.5,2,0.4,1.8,0.461,0,0.745,3.6,0.077,hibbero01,2011
DeMar DeRozan,21,TOR,1,6,580,0.01,82,34.8,17.2,3.8,1.8,1,0.4,0.467,0.096,0.813,3.2,0.055,derozde01,2011
Eric Gordon,22,LAC,0,5,580,0.009,56,37.7,22.3,2.9,4.4,1.3,0.3,0.45,0.364,0.825,5.3,0.12,gordoer01,2011
Tyler Hansbrough,25,IND,0,5,580,0.009,70,21.9,11,5.2,0.6,0.5,0.2,0.465,0,0.779,3.8,0.118,hansbty01,2011
Nick Young,25,WAS,0,5,580,0.009,64,31.8,17.4,2.7,1.2,0.7,0.3,0.441,0.387,0.816,2.8,0.065,youngni01,2011
Darrell Arthur,22,MEM,0,4,580,0.007,80,20.1,9.1,4.3,0.7,0.7,0.8,0.497,0,0.813,3.8,0.113,arthuda01,2011
Serge Ibaka,21,OKC,0,4,580,0.007,82,27,9.9,7.6,0.3,0.4,2.4,0.543,0,0.75,7.6,0.164,ibakase01,2011
DeAndre Jordan,22,LAC,0,4,580,0.007,80,25.6,7.1,7.2,0.5,0.5,1.8,0.686,0,0.452,5.2,0.122,jordade01,2011
Thaddeus Young,22,PHI,0,4,580,0.007,82,26,12.7,5.3,1,1.1,0.3,0.541,0.273,0.707,6.2,0.139,youngth01,2011
D.J. Augustin,23,CHA,0,3,580,0.005,82,33.6,14.4,2.7,6.1,0.7,0,0.416,0.333,0.906,6.2,0.108,augusdj01,2011
Luol Deng,25,CHI,0,3,580,0.005,82,39.1,17.4,5.8,2.8,1,0.6,0.46,0.345,0.753,9.9,0.149,denglu01,2011
Amar'e Stoudemire,28,NYK,0,3,580,0.005,78,36.8,25.3,8.2,2.6,0.9,1.9,0.502,0.435,0.792,8,0.134,stoudam01,2011
Tony Allen,29,MEM,0,1,580,0.002,72,20.8,8.9,2.7,1.4,1.8,0.6,0.51,0.174,0.753,4.7,0.152,allento01,2011
Michael Beasley,22,MIN,0,1,580,0.002,73,32.3,19.2,5.6,2.2,0.7,0.7,0.45,0.366,0.753,1.7,0.035,beaslmi01,2011
Elton Brand,31,PHI,0,1,580,0.002,81,34.7,15,8.3,1.5,1.1,1.3,0.512,0,0.78,9.4,0.161,brandel01,2011
Tyson Chandler,28,DAL,0,1,580,0.002,74,27.8,10.1,9.4,0.4,0.5,1.1,0.654,,0.732,9.4,0.218,chandty01,2011
Jared Dudley,25,PHO,0,1,580,0.002,82,26.1,10.6,3.9,1.3,1.1,0.2,0.477,0.415,0.743,5.6,0.126,dudleja01,2011
Marcin Gortat,26,TOT,0,1,580,0.002,80,25.4,10.2,7.9,0.9,0.5,1.1,0.561,0.25,0.725,6.4,0.152,gortama01,2011
James Harden,21,OKC,0,1,580,0.002,82,26.7,12.2,3.1,2.1,1.1,0.3,0.436,0.349,0.843,7.1,0.156,hardeja01,2011
Jodie Meeks,23,PHI,0,1,580,0.002,74,27.9,10.5,2.3,1.1,0.9,0.1,0.425,0.397,0.894,5.1,0.12,meeksjo01,2011
Ryan Anderson,23,ORL,33,260,605,0.43,61,32.2,16.1,7.7,0.9,0.8,0.4,0.439,0.393,0.877,8.9,0.219,anderry01,2012
Ersan ?lyasova,24,MIL,21,159,605,0.263,60,27.6,13,8.8,1.2,0.7,0.7,0.492,0.455,0.781,6.4,0.185,ilyaser01,2012
Nikola Pekovi?,26,MIN,10,104,605,0.172,47,26.9,13.9,7.4,0.7,0.6,0.7,0.564,,0.743,4.5,0.17,pekovni01,2012
Andrew Bynum,24,LAL,14,101,605,0.167,60,35.2,18.7,11.8,1.4,0.5,1.9,0.558,0.2,0.692,8,0.183,bynuman01,2012
Greg Monroe,21,DET,10,96,605,0.159,66,31.5,15.4,9.7,2.3,1.3,0.7,0.521,0,0.739,7,0.161,monrogr01,2012
Jeremy Lin,23,NYK,10,91,605,0.15,35,26.9,14.6,3.1,6.2,1.6,0.3,0.446,0.32,0.798,2.7,0.14,linje01,2012
Goran Dragi?,25,HOU,4,54,605,0.089,66,26.5,11.7,2.5,5.3,1.3,0.2,0.462,0.337,0.805,5.1,0.139,dragigo01,2012
Avery Bradley,21,BOS,4,36,605,0.06,64,21.4,7.6,1.8,1.4,0.7,0.2,0.498,0.407,0.795,2.4,0.085,bradlav01,2012
Danny Green,24,SAS,3,27,605,0.045,66,23.1,9.1,3.5,1.3,0.9,0.7,0.442,0.436,0.79,4.5,0.142,greenda02,2012
Jeff Teague,23,ATL,1,27,605,0.045,66,33.1,12.6,2.4,4.9,1.6,0.6,0.476,0.342,0.757,6,0.131,teaguje01,2012
Serge Ibaka,22,OKC,2,16,605,0.026,66,27.2,9.1,7.5,0.4,0.5,3.7,0.535,0.333,0.661,6.2,0.167,ibakase01,2012
Ty Lawson,24,DEN,1,16,605,0.026,61,34.8,16.4,3.7,6.6,1.3,0.1,0.488,0.365,0.824,6.9,0.157,lawsoty01,2012
Paul George,21,IND,2,13,605,0.021,66,29.7,12.1,5.6,2.4,1.6,0.6,0.44,0.385,0.802,6,0.148,georgpa01,2012
Steve Novak,28,NYK,1,12,605,0.02,54,18.9,8.8,1.9,0.2,0.3,0.2,0.478,0.472,0.846,3.9,0.181,novakst01,2012
DeMarcus Cousins,21,SAC,0,11,605,0.018,64,30.5,18.1,11,1.6,1.5,1.2,0.448,0.143,0.702,4.2,0.104,couside01,2012
Kevin Love,23,MIN,1,8,605,0.013,55,39,26,13.3,2,0.9,0.5,0.448,0.372,0.824,10,0.223,loveke01,2012
James Harden,22,OKC,0,7,605,0.012,62,31.4,16.8,4.1,3.7,1,0.2,0.491,0.39,0.846,9.3,0.23,hardeja01,2012
Roy Hibbert,25,IND,0,7,605,0.012,65,29.8,12.8,8.8,1.7,0.5,2,0.497,0,0.711,6.2,0.154,hibbero01,2012
Marcin Gortat,27,PHO,1,6,605,0.01,66,32,15.4,10,0.9,0.7,1.5,0.555,0,0.649,7.6,0.172,gortama01,2012
Gerald Henderson,24,CHA,1,6,605,0.01,55,33.3,15.1,4.1,2.3,0.9,0.4,0.459,0.234,0.76,1,0.026,hendege02,2012
Marc Gasol,27,MEM,1,5,605,0.008,65,36.5,14.6,8.9,3.1,1,1.9,0.482,0.083,0.748,8.2,0.166,gasolma01,2012
Kyle Lowry,25,HOU,1,5,605,0.008,47,32.1,14.3,4.5,6.6,1.6,0.3,0.409,0.374,0.864,4.9,0.156,lowryky01,2012
Gordon Hayward,21,UTA,0,4,605,0.007,66,30.5,11.8,3.5,3.1,0.8,0.6,0.456,0.346,0.832,4.9,0.116,haywago01,2012
Arron Afflalo,26,DEN,0,3,605,0.005,62,33.6,15.2,3.2,2.4,0.6,0.2,0.471,0.398,0.798,5.3,0.121,afflaar01,2012
Tony Parker,29,SAS,0,3,605,0.005,60,32.1,18.3,2.9,7.7,1,0.1,0.48,0.23,0.799,7.1,0.177,parketo01,2012
C.J. Watson,27,CHI,0,3,605,0.005,49,23.7,9.7,2.1,4.1,0.9,0.2,0.368,0.393,0.808,2.6,0.109,watsocj01,2012
Brandan Wright,24,DAL,0,3,605,0.005,49,16.1,6.9,3.6,0.3,0.4,1.3,0.618,0,0.634,3.5,0.215,wrighbr03,2012
Jarrett Jack,28,NOH,0,1,605,0.002,45,34,15.6,3.9,6.3,0.7,0.2,0.456,0.348,0.872,3.8,0.119,jackja01,2012
Marreese Speights,24,MEM,0,1,605,0.002,60,22.4,8.8,6.2,0.8,0.4,0.5,0.453,0,0.771,2.7,0.096,speigma01,2012
Paul George,22,IND,52,311,600,0.518,79,37.6,17.4,7.6,4.1,1.8,0.6,0.419,0.362,0.807,9,0.145,georgpa01,2013
Greivis Vásquez,26,NOH,13,146,600,0.243,78,34.4,13.9,4.3,9,0.8,0.1,0.433,0.342,0.805,3.8,0.067,vasqugr01,2013
Larry Sanders,24,MIL,10,141,600,0.235,71,27.3,9.8,9.5,1.2,0.7,2.8,0.506,0,0.618,6,0.149,sandela01,2013
Nikola Vu?evi?,22,ORL,10,109,600,0.182,77,33.2,13.1,11.9,1.9,0.8,1,0.519,0,0.683,5.7,0.106,vucevni01,2013
Jrue Holiday,22,PHI,10,102,600,0.17,78,37.5,17.7,4.2,8,1.6,0.4,0.431,0.368,0.752,3.3,0.055,holidjr01,2013
Ömer A??k,26,HOU,9,86,600,0.143,82,30,10.1,11.7,0.9,0.6,1.1,0.541,0,0.562,5.5,0.108,asikom01,2013
James Harden,23,HOU,8,53,600,0.088,78,38.3,25.9,4.9,5.8,1.8,0.5,0.438,0.368,0.851,12.8,0.206,hardeja01,2013
Stephen Curry,24,GSW,1,18,600,0.03,78,38.2,22.9,4,6.9,1.6,0.2,0.451,0.453,0.9,11.2,0.18,curryst01,2013
Serge Ibaka,23,OKC,1,15,600,0.025,80,31.1,13.2,7.7,0.5,0.4,3,0.573,0.351,0.749,9.4,0.181,ibakase01,2013
Chandler Parsons,24,HOU,0,14,600,0.023,76,36.3,15.5,5.3,3.5,1,0.4,0.486,0.385,0.729,7,0.121,parsoch01,2013
Kemba Walker,22,CHA,0,9,600,0.015,82,34.9,17.7,3.5,5.7,2,0.4,0.423,0.322,0.798,4.8,0.08,walkeke02,2013
J.R. Smith,27,NYK,1,8,600,0.013,80,33.5,18.1,5.3,2.7,1.3,0.3,0.422,0.356,0.762,6.7,0.12,smithjr01,2013
Klay Thompson,22,GSW,1,8,600,0.013,82,35.8,16.6,3.7,2.2,1,0.5,0.422,0.401,0.841,4.3,0.07,thompkl01,2013
Jimmy Butler,23,CHI,0,7,600,0.012,82,26,8.6,4,1.4,1,0.4,0.467,0.381,0.803,7,0.158,butleji01,2013
Ryan Anderson,24,NOH,1,5,600,0.008,81,30.9,16.2,6.4,1.2,0.5,0.4,0.423,0.382,0.844,6.5,0.125,anderry01,2013
Carmelo Anthony,28,NYK,1,5,600,0.008,67,37,28.7,6.9,2.6,0.8,0.5,0.449,0.379,0.83,9.5,0.184,anthoca01,2013
Andray Blatche,26,BRK,1,5,600,0.008,82,19,10.3,5.1,1,1,0.7,0.512,0.136,0.685,4.9,0.153,blatcan01,2013
Mike Conley,25,MEM,1,5,600,0.008,80,34.5,14.6,2.8,6.1,2.2,0.3,0.44,0.362,0.83,9.9,0.172,conlemi01,2013
Kawhi Leonard,21,SAS,0,5,600,0.008,58,31.2,11.9,6,1.6,1.7,0.6,0.494,0.374,0.825,6.2,0.166,leonaka01,2013
Kevin Durant,24,OKC,0,4,600,0.007,81,38.5,28.1,7.9,4.6,1.4,1.3,0.51,0.416,0.905,18.9,0.291,duranke01,2013
Arron Afflalo,27,ORL,0,3,600,0.005,64,36,16.5,3.7,3.2,0.6,0.2,0.439,0.3,0.857,2,0.042,afflaar01,2013
Earl Clark,25,LAL,0,3,600,0.005,59,23.1,7.3,5.5,1.1,0.6,0.7,0.44,0.337,0.697,2.3,0.08,clarkea01,2013
Kenneth Faried,23,DEN,0,3,600,0.005,80,28.1,11.5,9.2,1,1,1,0.552,,0.613,7.8,0.167,farieke01,2013
Greg Monroe,22,DET,0,3,600,0.005,81,33.2,16,9.6,3.5,1.3,0.7,0.486,0,0.689,5.9,0.105,monrogr01,2013
Joakim Noah,27,CHI,0,3,600,0.005,66,36.8,11.9,11.1,4,1.2,2.1,0.481,0,0.751,7.3,0.145,noahjo01,2013
Tristan Thompson,21,CLE,0,2,600,0.003,82,31.3,11.7,9.4,1.3,0.7,0.9,0.488,0,0.608,5.2,0.098,thomptr01,2013
Tobias Harris,20,TOT,0,1,600,0.002,55,23.6,11,5.2,1.3,0.6,0.8,0.455,0.315,0.752,2.4,0.089,harrito02,2013
Jarrett Jack,29,GSW,0,1,600,0.002,79,29.7,12.9,3.1,5.6,0.8,0.1,0.452,0.404,0.843,5.6,0.115,jackja01,2013
Ty Lawson,25,DEN,0,1,600,0.002,73,34.4,16.7,2.7,6.9,1.5,0.1,0.461,0.366,0.756,7.4,0.141,lawsoty01,2013
Brook Lopez,24,BRK,0,1,600,0.002,74,30.4,19.4,6.9,0.9,0.4,2.1,0.521,0,0.758,9,0.191,lopezbr01,2013
Robin Lopez,24,NOH,0,1,600,0.002,82,26,11.3,5.6,0.8,0.4,1.6,0.534,,0.778,5.6,0.126,lopezro01,2013
Lance Stephenson,22,IND,0,1,600,0.002,78,29.2,8.8,3.9,2.9,1,0.2,0.46,0.33,0.652,5.5,0.115,stephla01,2013
Jeff Teague,24,ATL,0,1,600,0.002,80,32.9,14.6,2.3,7.2,1.5,0.4,0.451,0.359,0.881,6.1,0.111,teaguje01,2013
Goran Dragi?,27,PHO,65,408,630,0.648,76,35.1,20.3,3.2,5.9,1.4,0.3,0.505,0.408,0.76,10.3,0.186,dragigo01,2014
Lance Stephenson,23,IND,13,158,630,0.251,78,35.3,13.8,7.2,4.6,0.7,0.1,0.491,0.352,0.711,7.4,0.13,stephla01,2014
Anthony Davis,20,NOP,16,155,630,0.246,67,35.2,20.8,10,1.6,1.3,2.8,0.519,0.222,0.791,10.4,0.212,davisan02,2014
Gerald Green,28,PHO,16,117,630,0.186,82,28.4,15.8,3.4,1.5,0.9,0.5,0.445,0.4,0.848,6.1,0.126,greenge01,2014
DeAndre Jordan,25,LAC,4,66,630,0.105,82,35,10.4,13.6,0.9,1,2.5,0.676,,0.428,11.1,0.186,jordade01,2014
Kyle Lowry,27,TOR,2,43,630,0.068,79,36.2,17.9,4.7,7.4,1.5,0.2,0.423,0.38,0.813,11.7,0.197,lowryky01,2014
Blake Griffin,24,LAC,6,39,630,0.062,80,35.8,24.1,9.5,3.9,1.2,0.6,0.528,0.273,0.715,12.2,0.205,griffbl01,2014
DeMar DeRozan,24,TOR,1,28,630,0.044,79,38.2,22.7,4.3,4,1.1,0.4,0.429,0.305,0.824,8.8,0.141,derozde01,2014
Patty Mills,25,SAS,0,14,630,0.022,81,18.9,10.2,2.1,1.8,0.8,0.1,0.464,0.425,0.89,5.6,0.175,millspa02,2014
Markieff Morris,24,PHO,1,13,630,0.021,81,26.6,13.8,6,1.8,0.8,0.6,0.486,0.315,0.792,6.4,0.143,morrima02,2014
Isaiah Thomas,24,SAC,0,13,630,0.021,72,34.7,20.3,2.9,6.3,1.3,0.1,0.453,0.349,0.85,7.7,0.149,thomais02,2014
Shaun Livingston,28,BRK,0,11,630,0.017,76,26,8.3,3.2,3.2,1.2,0.4,0.483,0.167,0.827,4.4,0.108,livinsh01,2014
D.J. Augustin,26,TOT,1,9,630,0.014,71,27.3,13.1,1.8,4.4,0.7,0,0.415,0.401,0.885,6.2,0.154,augusdj01,2014
Reggie Jackson,23,OKC,0,8,630,0.013,80,28.5,13.1,3.9,4.1,1.1,0.1,0.44,0.339,0.893,4.9,0.104,jacksre01,2014
Robin Lopez,25,POR,0,6,630,0.01,82,31.7,11.1,8.5,0.9,0.3,1.7,0.551,0,0.818,9.5,0.176,lopezro01,2014
Klay Thompson,23,GSW,0,6,630,0.01,81,35.4,18.4,3.1,2.2,0.9,0.5,0.444,0.417,0.795,6.7,0.112,thompkl01,2014
Kevin Durant,25,OKC,1,5,630,0.008,81,38.5,32,7.4,5.5,1.3,0.7,0.503,0.391,0.873,19.2,0.295,duranke01,2014
DeMarcus Cousins,23,SAC,0,5,630,0.008,71,32.4,22.7,11.7,2.9,1.5,1.3,0.496,0,0.726,7.9,0.166,couside01,2014
Al Jefferson,29,CHA,0,4,630,0.006,73,35,21.8,10.8,2.1,0.9,1.1,0.509,0.2,0.69,7.8,0.146,jeffeal01,2014
Bradley Beal,20,WAS,0,3,630,0.005,73,34.7,17.1,3.7,3.3,1,0.2,0.419,0.402,0.788,4,0.076,bealbr01,2014
Mike Conley,26,MEM,0,3,630,0.005,73,33.5,17.2,2.9,6,1.5,0.2,0.45,0.361,0.815,8.2,0.161,conlemi01,2014
Andre Drummond,20,DET,0,3,630,0.005,81,32.3,13.5,13.2,0.4,1.2,1.6,0.623,0,0.418,9.9,0.182,drumman01,2014
Taj Gibson,28,CHI,0,3,630,0.005,82,28.7,13,6.8,1.1,0.5,1.4,0.479,0,0.751,5.7,0.117,gibsota01,2014
LeBron James,29,MIA,0,3,630,0.005,77,37.7,27.1,6.9,6.3,1.6,0.3,0.567,0.379,0.75,15.9,0.264,jamesle01,2014
Terrence Jones,22,HOU,0,3,630,0.005,76,27.3,12.1,6.9,1.1,0.7,1.3,0.542,0.307,0.605,7.3,0.169,joneste01,2014
Jodie Meeks,26,LAL,0,3,630,0.005,77,33.2,15.7,2.5,1.8,1.4,0.1,0.463,0.401,0.857,4.5,0.084,meeksjo01,2014
LaMarcus Aldridge,28,POR,0,1,630,0.002,69,36.2,23.2,11.1,2.6,0.9,1,0.458,0.2,0.822,7.5,0.144,aldrila01,2014
Alec Burks,22,UTA,0,1,630,0.002,78,28.1,14,3.3,2.7,0.9,0.2,0.457,0.35,0.748,3.2,0.07,burksal01,2014
Paul Millsap,28,ATL,0,1,630,0.002,74,33.5,17.9,8.5,3.1,1.7,1.1,0.461,0.358,0.731,6.7,0.129,millspa01,2014
Chandler Parsons,25,HOU,0,1,630,0.002,74,37.6,16.6,5.5,4,1.2,0.4,0.472,0.37,0.742,7.6,0.131,parsoch01,2014
John Wall,23,WAS,0,1,630,0.002,82,36.3,19.3,4.1,8.8,1.8,0.5,0.433,0.351,0.805,7.9,0.128,walljo01,2014
Jimmy Butler,25,CHI,92,535,645,0.829,65,38.7,20,5.8,3.3,1.8,0.6,0.462,0.378,0.834,11.2,0.214,butleji01,2015
Draymond Green,24,GSW,11,200,645,0.31,79,31.5,11.7,8.2,3.7,1.6,1.3,0.443,0.337,0.66,8.5,0.163,greendr01,2015
Rudy Gobert,22,UTA,12,189,645,0.293,82,26.3,8.4,9.5,1.3,0.8,2.3,0.604,0,0.623,9.3,0.206,goberru01,2015
Hassan Whiteside,25,MIA,5,88,645,0.136,48,23.8,11.8,10,0.1,0.6,2.6,0.628,,0.5,5.3,0.221,whiteha01,2015
Klay Thompson,24,GSW,2,42,645,0.065,77,31.9,21.7,3.2,2.9,1.1,0.8,0.463,0.439,0.879,8.8,0.172,thompkl01,2015
Anthony Davis,21,NOP,4,27,645,0.042,68,36.1,24.4,10.2,2.2,1.5,2.9,0.535,0.083,0.805,14,0.274,davisan02,2015
Giannis Antetokounmpo,20,MIL,1,22,645,0.034,81,31.4,12.7,6.7,2.6,0.9,1,0.491,0.159,0.741,6.2,0.117,antetgi01,2015
Donatas Motiej?nas,24,HOU,0,7,645,0.011,71,28.7,12,5.9,1.8,0.8,0.5,0.504,0.368,0.602,4.7,0.11,motiedo01,2015
Dennis Schröder,21,ATL,0,6,645,0.009,77,19.7,10,2.1,4.1,0.6,0.1,0.427,0.351,0.827,2.5,0.08,schrode01,2015
DeMarre Carroll,28,ATL,1,5,645,0.008,70,31.3,12.6,5.3,1.7,1.3,0.2,0.487,0.395,0.702,7,0.154,carrode01,2015
Tyler Zeller,25,BOS,1,5,645,0.008,82,21.1,10.2,5.7,1.4,0.2,0.6,0.549,,0.823,6.5,0.179,zellety01,2015
DeMarcus Cousins,24,SAC,0,4,645,0.006,59,34.1,24.1,12.7,3.6,1.5,1.7,0.467,0.25,0.782,6,0.144,couside01,2015
Khris Middleton,23,MIL,0,4,645,0.006,79,30.1,13.4,4.4,2.3,1.5,0.1,0.467,0.407,0.859,6.7,0.135,middlkh01,2015
Jae Crowder,24,TOT,0,3,645,0.005,82,20.1,7.7,3.6,1.1,0.9,0.3,0.42,0.293,0.773,3.9,0.113,crowdja01,2015
Kyrie Irving,22,CLE,0,3,645,0.005,75,36.4,21.7,3.2,5.2,1.5,0.3,0.468,0.415,0.863,10.4,0.183,irvinky01,2015
DeAndre Jordan,26,LAC,0,3,645,0.005,82,34.4,11.5,15,0.7,1,2.2,0.71,0.25,0.397,12.8,0.217,jordade01,2015
Victor Oladipo,22,ORL,0,3,645,0.005,72,35.7,17.9,4.2,4.1,1.7,0.3,0.436,0.339,0.819,3.5,0.065,oladivi01,2015
Kentavious Caldwell-Pope,21,DET,0,2,645,0.003,82,31.5,12.7,3.1,1.3,1.1,0.2,0.401,0.345,0.696,2.8,0.052,caldwke01,2015
Nikola Vu?evi?,24,ORL,0,2,645,0.003,74,34.2,19.3,10.9,2,0.7,0.7,0.523,0.333,0.752,7,0.133,vucevni01,2015
Robert Covington,24,PHI,0,1,645,0.002,70,27.9,13.5,4.5,1.5,1.4,0.4,0.396,0.374,0.82,4,0.097,covinro01,2015
Tyreke Evans,25,NOP,0,1,645,0.002,79,34.1,16.6,5.3,6.6,1.3,0.5,0.447,0.304,0.694,4.6,0.082,evansty01,2015
Derrick Favors,23,UTA,0,1,645,0.002,74,30.8,16,8.2,1.5,0.8,1.7,0.525,0.167,0.669,8.3,0.175,favorde01,2015
Enes Freedom,22,TOT,0,1,645,0.002,75,28.5,15.5,8.9,0.7,0.5,0.4,0.519,0.356,0.782,6.4,0.145,kanteen01,2015
Marc Gasol,30,MEM,0,1,645,0.002,81,33.2,17.4,7.8,3.8,0.9,1.6,0.494,0.176,0.795,10.2,0.182,gasolma01,2015
Tobias Harris,22,ORL,0,1,645,0.002,68,34.8,17.1,6.3,1.8,1,0.5,0.466,0.364,0.788,4.8,0.098,harrito02,2015
Gordon Hayward,24,UTA,0,1,645,0.002,76,34.4,19.3,4.9,4.1,1.4,0.4,0.445,0.364,0.812,8.7,0.159,haywago01,2015
George Hill,28,IND,0,1,645,0.002,43,29.5,16.1,4.2,5.1,1,0.3,0.477,0.358,0.79,5.4,0.203,hillge01,2015
Brandon Knight,23,TOT,0,1,645,0.002,63,32.3,17,3.9,5.2,1.4,0.2,0.422,0.389,0.874,4.5,0.106,knighbr03,2015
Kawhi Leonard,23,SAS,0,1,645,0.002,64,31.8,16.5,7.2,2.5,2.3,0.8,0.479,0.349,0.802,8.6,0.204,leonaka01,2015
Meyers Leonard,22,POR,0,1,645,0.002,55,15.4,5.9,4.5,0.6,0.2,0.3,0.51,0.42,0.938,2.8,0.158,leoname01,2015
CJ McCollum,24,POR,101,559,650,0.86,80,34.8,20.8,3.2,4.3,1.2,0.3,0.448,0.417,0.827,6,0.104,mccolcj01,2016
Kemba Walker,25,CHO,7,166,650,0.255,81,35.6,20.9,4.4,5.2,1.6,0.5,0.427,0.371,0.847,9.9,0.165,walkeke02,2016
Giannis Antetokounmpo,21,MIL,4,99,650,0.152,80,35.3,16.9,7.7,4.3,1.2,1.4,0.506,0.257,0.724,7.1,0.121,antetgi01,2016
Stephen Curry,27,GSW,7,83,650,0.128,79,34.2,30.1,5.4,6.7,2.1,0.2,0.504,0.454,0.908,17.9,0.318,curryst01,2016
Will Barton,25,DEN,1,62,650,0.095,82,28.7,14.4,5.8,2.5,0.9,0.5,0.432,0.345,0.806,4.3,0.088,bartowi01,2016
Jae Crowder,25,BOS,1,45,650,0.069,73,31.6,14.2,5.1,1.8,1.7,0.5,0.443,0.336,0.82,7.3,0.152,crowdja01,2016
Draymond Green,25,GSW,2,43,650,0.066,81,34.7,14,9.5,7.4,1.5,1.4,0.49,0.388,0.696,11.1,0.19,greendr01,2016
Isaiah Thomas,26,BOS,3,30,650,0.046,82,32.2,22.2,3,6.2,1.1,0.1,0.428,0.359,0.871,9.7,0.177,thomais02,2016
Hassan Whiteside,26,MIA,1,26,650,0.04,73,29.1,14.2,11.8,0.4,0.6,3.7,0.606,,0.65,10.3,0.233,whiteha01,2016
Kawhi Leonard,24,SAS,1,18,650,0.028,72,33.1,21.2,6.8,2.6,1.8,1,0.506,0.443,0.874,13.7,0.277,leonaka01,2016
Andre Drummond,22,DET,1,11,650,0.017,81,32.9,16.2,14.8,0.8,1.5,1.4,0.521,0.333,0.355,7.4,0.133,drumman01,2016
Gary Harris,21,DEN,1,6,650,0.009,76,32.1,12.3,2.9,1.9,1.3,0.2,0.469,0.354,0.82,4,0.079,harriga01,2016
Kent Bazemore,26,ATL,0,4,650,0.006,75,27.8,11.6,5.1,2.3,1.3,0.5,0.441,0.357,0.815,4.1,0.094,bazemke01,2016
Evan Fournier,23,ORL,0,4,650,0.006,79,32.5,15.4,2.8,2.7,1.2,0,0.462,0.4,0.836,5.7,0.106,fournev01,2016
Rodney Hood,23,UTA,0,3,650,0.005,79,32.2,14.5,3.4,2.7,0.9,0.2,0.42,0.359,0.86,6,0.112,hoodro01,2016
Reggie Jackson,25,DET,0,3,650,0.005,79,30.7,18.8,3.2,6.2,0.7,0.1,0.434,0.353,0.864,6.9,0.136,jacksre01,2016
Ian Mahinmi,29,IND,0,3,650,0.005,71,25.6,9.3,7.1,1.5,0.9,1.1,0.589,,0.587,6.2,0.163,mahinia01,2016
Russell Westbrook,27,OKC,0,3,650,0.005,80,34.4,23.5,7.8,10.4,2,0.3,0.454,0.296,0.812,14,0.245,westbru01,2016
Zach LaVine,20,MIN,0,1,650,0.002,82,28,14,2.8,3.1,0.8,0.2,0.452,0.389,0.793,2.6,0.054,lavinza01,2016
Kyle Lowry,29,TOR,0,1,650,0.002,77,37,21.2,4.7,6.4,2.1,0.4,0.427,0.388,0.811,11.6,0.196,lowryky01,2016
Giannis Antetokounmpo,22,MIL,80,428,500,0.856,80,35.6,22.9,8.8,5.4,1.6,1.9,0.521,0.272,0.77,12.4,0.21,antetgi01,2017
Nikola Joki?,21,DEN,14,161,500,0.322,73,27.9,16.7,9.8,4.9,0.8,0.8,0.578,0.324,0.825,9.7,0.228,jokicni01,2017
Rudy Gobert,24,UTA,1,113,500,0.226,81,33.9,14,12.8,1.2,0.6,2.6,0.661,0,0.653,14.3,0.25,goberru01,2017
Otto Porter Jr.,23,WAS,1,43,500,0.086,80,32.6,13.4,6.4,1.5,1.5,0.5,0.516,0.434,0.832,9.4,0.173,porteot01,2017
Isaiah Thomas,27,BOS,0,35,500,0.07,76,33.8,28.9,2.7,5.9,0.9,0.2,0.463,0.379,0.909,12.5,0.234,thomais02,2017
James Johnson,29,MIA,1,34,500,0.068,76,27.4,12.8,4.9,3.6,1,1.1,0.479,0.34,0.707,5.1,0.117,johnsja01,2017
Bradley Beal,23,WAS,1,19,500,0.038,77,34.9,23.1,3.1,3.5,1.1,0.3,0.482,0.404,0.825,8.5,0.152,bealbr01,2017
Devin Booker,20,PHO,1,18,500,0.036,78,35,22.1,3.2,3.4,0.9,0.3,0.423,0.363,0.832,2,0.035,bookede01,2017
Tim Hardaway Jr.,24,ATL,0,14,500,0.028,79,27.3,14.5,2.8,2.3,0.7,0.2,0.455,0.357,0.766,4.8,0.107,hardati02,2017
Mike Conley,29,MEM,1,5,500,0.01,69,33.2,20.5,3.5,6.3,1.3,0.3,0.46,0.408,0.859,10,0.209,conlemi01,2017
Dion Waiters,25,MIA,0,4,500,0.008,46,30.1,15.8,3.3,4.3,0.9,0.4,0.424,0.395,0.646,1.6,0.057,waitedi01,2017
Gordon Hayward,26,UTA,0,3,500,0.006,73,34.5,21.9,5.4,3.5,1,0.3,0.471,0.398,0.844,10.4,0.199,haywago01,2017
Jusuf Nurki?,22,TOT,0,3,500,0.006,65,21.4,10.2,7.2,1.9,0.8,1.1,0.507,0,0.571,2,0.068,nurkiju01,2017
Kristaps Porzi??is,21,NYK,0,3,500,0.006,66,32.8,18.1,7.2,1.5,0.7,2,0.45,0.357,0.786,4.5,0.1,porzikr01,2017
Dennis Schröder,23,ATL,0,3,500,0.006,79,31.5,17.9,3.1,6.3,0.9,0.2,0.451,0.34,0.855,3.7,0.071,schrode01,2017
Harrison Barnes,24,DAL,0,2,500,0.004,79,35.5,19.2,5,1.5,0.8,0.2,0.468,0.351,0.861,4.6,0.078,barneha02,2017
Seth Curry,26,DAL,0,2,500,0.004,70,29,12.8,2.6,2.7,1.1,0.1,0.481,0.425,0.85,4.6,0.11,curryse01,2017
Gary Harris,22,DEN,0,2,500,0.004,57,31.3,14.9,3.1,2.9,1.2,0.1,0.502,0.42,0.776,4.6,0.124,harriga01,2017
Myles Turner,20,IND,0,2,500,0.004,81,31.4,14.5,7.3,1.3,0.9,2.1,0.511,0.348,0.809,8,0.151,turnemy01,2017
Avery Bradley,26,BOS,0,1,500,0.002,55,33.4,16.3,6.1,2.2,1.2,0.2,0.463,0.39,0.731,3.1,0.081,bradlav01,2017
Clint Capela,22,HOU,0,1,500,0.002,65,23.9,12.6,8.1,1,0.5,1.2,0.643,,0.531,5.9,0.184,capelca01,2017
DeMar DeRozan,27,TOR,0,1,500,0.002,74,35.4,27.3,5.2,3.9,1.1,0.2,0.467,0.266,0.842,9,0.166,derozde01,2017
Joe Ingles,29,UTA,0,1,500,0.002,82,24,7.1,3.2,2.7,1.2,0.1,0.452,0.441,0.735,5,0.123,inglejo01,2017
John Wall,26,WAS,0,1,500,0.002,78,36.4,23.1,4.2,10.7,2,0.6,0.451,0.327,0.801,8.8,0.149,walljo01,2017
Hassan Whiteside,27,MIA,0,1,500,0.002,77,32.6,17,14.1,0.7,0.7,2.1,0.557,,0.628,9.5,0.181,whiteha01,2017
Victor Oladipo,25,IND,99,499,505,0.988,75,34,23.1,5.2,4.3,2.4,0.8,0.477,0.371,0.799,8.2,0.155,oladivi01,2018
Clint Capela,23,HOU,1,99,505,0.196,74,27.5,13.9,10.8,0.9,0.8,1.9,0.652,0,0.56,10.2,0.242,capelca01,2018
Spencer Dinwiddie,24,BRK,1,50,505,0.099,80,28.8,12.6,3.2,6.6,0.9,0.3,0.387,0.326,0.813,5.7,0.118,dinwisp01,2018
Andre Drummond,24,DET,0,46,505,0.091,78,33.7,15,16,3,1.5,1.6,0.529,0,0.605,10.3,0.189,drumman01,2018
Julius Randle,23,LAL,0,36,505,0.071,82,26.7,16.1,8,2.6,0.5,0.5,0.558,0.222,0.718,6.6,0.145,randlju01,2018
Steven Adams,24,OKC,0,34,505,0.067,76,32.7,13.9,9,1.2,1.2,1,0.629,0,0.559,9.7,0.187,adamsst01,2018
Jaylen Brown,21,BOS,0,32,505,0.063,70,30.7,14.5,4.9,1.6,1,0.4,0.465,0.395,0.644,4.5,0.1,brownja02,2018
Jamal Murray,20,DEN,0,24,505,0.048,81,31.7,16.7,3.7,3.4,1,0.3,0.451,0.378,0.905,5.5,0.103,murraja01,2018
DeMar DeRozan,28,TOR,0,9,505,0.018,80,33.9,23,3.9,5.2,1.1,0.3,0.456,0.31,0.825,9.6,0.17,derozde01,2018
Terry Rozier,23,BOS,0,8,505,0.016,80,25.9,11.3,4.7,2.9,1,0.2,0.395,0.381,0.772,5.6,0.13,roziete01,2018
Lou Williams,31,LAC,0,8,505,0.016,79,32.8,22.6,2.5,5.3,1.1,0.2,0.435,0.359,0.88,6.7,0.125,willilo02,2018
Giannis Antetokounmpo,23,MIL,0,7,505,0.014,75,36.7,26.9,10,4.8,1.5,1.4,0.529,0.307,0.76,11.9,0.207,antetgi01,2018
Nikola Joki?,22,DEN,0,6,505,0.012,75,32.6,18.5,10.7,6.1,1.2,0.8,0.499,0.396,0.85,10.7,0.211,jokicni01,2018
E'Twaun Moore,28,NOP,0,6,505,0.012,82,31.5,12.5,2.9,2.3,1,0.1,0.508,0.425,0.706,4.4,0.081,mooreet01,2018
Domantas Sabonis,21,IND,0,6,505,0.012,74,24.5,11.6,7.7,2,0.5,0.4,0.514,0.351,0.75,4.7,0.126,sabondo01,2018
Fred VanVleet,23,TOR,0,6,505,0.012,76,20,8.6,2.4,3.2,0.9,0.3,0.426,0.414,0.832,4.7,0.149,vanvlfr01,2018
Tyreke Evans,28,MEM,0,4,505,0.008,52,30.9,19.4,5.1,5.2,1.1,0.3,0.452,0.399,0.785,4.2,0.126,evansty01,2018
Brandon Ingram,20,LAL,0,4,505,0.008,59,33.5,16.1,5.3,3.9,0.8,0.7,0.47,0.39,0.681,2.8,0.068,ingrabr01,2018
Dejounte Murray,21,SAS,0,4,505,0.008,81,21.5,8.1,5.7,2.9,1.2,0.4,0.443,0.265,0.709,3.2,0.087,murrade01,2018
Tobias Harris,25,TOT,0,3,505,0.006,80,33.4,18.6,5.5,2.4,0.9,0.4,0.46,0.411,0.829,6.7,0.12,harrito02,2018
Joe Ingles,30,UTA,0,3,505,0.006,82,31.4,11.5,4.2,4.8,1.1,0.2,0.467,0.44,0.795,7.6,0.141,inglejo01,2018
Dario Šari?,23,PHI,0,3,505,0.006,78,29.6,14.6,6.7,2.6,0.7,0.3,0.453,0.393,0.86,6.6,0.137,saricda01,2018
Kris Dunn,23,CHI,0,2,505,0.004,52,29.3,13.4,4.3,6,2,0.5,0.429,0.321,0.737,0.9,0.027,dunnkr01,2018
Aaron Gordon,22,ORL,0,2,505,0.004,58,32.9,17.6,7.9,2.3,1,0.8,0.434,0.336,0.698,2.9,0.072,gordoaa01,2018
Montrezl Harrell,24,LAC,0,1,505,0.002,76,17,11,4,1,0.5,0.7,0.635,0.143,0.626,5.5,0.205,harremo01,2018
Kristaps Porzi??is,22,NYK,0,1,505,0.002,48,32.4,22.7,6.6,1.2,0.8,2.4,0.439,0.395,0.793,3.2,0.099,porzikr01,2018
Taurean Prince,23,ATL,0,1,505,0.002,82,30,14.1,4.7,2.6,1,0.5,0.426,0.385,0.844,2,0.038,princta02,2018
Josh Richardson,24,MIA,0,1,505,0.002,81,33.2,12.9,3.5,2.9,1.5,0.9,0.451,0.378,0.845,5.4,0.096,richajo01,2018
Ricky Rubio,27,UTA,0,1,505,0.002,77,29.3,13.1,4.6,5.3,1.6,0.1,0.418,0.352,0.866,5.3,0.112,rubiori01,2018
Pascal Siakam,23,TOR,0,1,505,0.002,81,20.7,7.3,4.5,2,0.8,0.5,0.508,0.22,0.621,4.7,0.133,siakapa01,2018
Karl-Anthony Towns,22,MIN,0,1,505,0.002,82,35.6,21.3,12.3,2.4,0.8,1.4,0.545,0.421,0.858,14,0.23,townska01,2018
T.J. Warren,24,PHO,0,1,505,0.002,65,33,19.6,5.1,1.3,1,0.6,0.498,0.222,0.757,3.4,0.077,warretj01,2018
Pascal Siakam,24,TOR,86,469,500,0.938,80,31.9,16.9,6.9,3.1,0.9,0.7,0.549,0.369,0.785,9.3,0.175,siakapa01,2019
D'Angelo Russell,22,BRK,12,255,500,0.51,81,30.2,21.1,3.9,7,1.2,0.2,0.434,0.369,0.78,5,0.097,russeda01,2019
De'Aaron Fox,21,SAC,1,77,500,0.154,81,31.4,17.3,3.8,7.3,1.6,0.6,0.458,0.371,0.727,5.6,0.106,foxde01,2019
Buddy Hield,26,SAC,0,22,500,0.044,82,31.9,20.7,5,2.5,0.7,0.4,0.458,0.427,0.886,5.9,0.108,hieldbu01,2019
Nikola Vu?evi?,28,ORL,0,20,500,0.04,80,31.4,20.8,12,3.8,1,1.1,0.518,0.364,0.789,10.1,0.193,vucevni01,2019
Domantas Sabonis,22,IND,0,10,500,0.02,74,24.8,14.1,9.3,2.9,0.6,0.4,0.59,0.529,0.715,7.6,0.197,sabondo01,2019
Montrezl Harrell,25,LAC,0,9,500,0.018,82,26.3,16.6,6.5,2,0.9,1.3,0.615,0.176,0.643,8.7,0.193,harremo01,2019
Derrick Rose,30,MIN,1,8,500,0.016,51,27.3,18,2.7,4.3,0.6,0.2,0.482,0.37,0.856,3,0.102,rosede01,2019
John Collins,21,ATL,0,6,500,0.012,61,30,19.5,9.8,2,0.4,0.6,0.56,0.348,0.763,6,0.158,collijo01,2019
Giannis Antetokounmpo,24,MIL,0,4,500,0.008,72,32.8,27.7,12.5,5.9,1.3,1.5,0.578,0.256,0.729,14.4,0.292,antetgi01,2019
Malik Beasley,22,DEN,0,3,500,0.006,81,23.2,11.3,2.5,1.2,0.7,0.1,0.474,0.402,0.848,4.5,0.115,beaslma01,2019
Danilo Gallinari,30,LAC,0,3,500,0.006,68,30.3,19.8,6.1,2.6,0.7,0.3,0.463,0.433,0.904,8.2,0.191,gallida01,2019
Paul George,28,OKC,0,3,500,0.006,77,36.9,28,8.2,4.1,2.2,0.4,0.438,0.386,0.839,11.9,0.201,georgpa01,2019
Bojan Bogdanovi?,29,IND,0,2,500,0.004,81,31.8,18,4.1,2,0.9,0,0.497,0.425,0.807,6.8,0.126,bogdabo02,2019
Thomas Bryant,21,WAS,0,2,500,0.004,72,20.8,10.5,6.3,1.3,0.3,0.9,0.616,0.333,0.781,5.6,0.178,bryanth01,2019
Willie Cauley-Stein,25,SAC,0,1,500,0.002,81,27.3,11.9,8.4,2.4,1.2,0.6,0.556,0.5,0.551,6.7,0.146,caulewi01,2019
Spencer Dinwiddie,25,BRK,0,1,500,0.002,68,28.1,16.8,2.4,4.6,0.6,0.3,0.442,0.335,0.806,4.8,0.121,dinwisp01,2019
Bryn Forbes,25,SAS,0,1,500,0.002,82,28,11.8,2.9,2.1,0.5,0,0.456,0.426,0.885,3.8,0.079,forbebr01,2019
Jerami Grant,24,OKC,0,1,500,0.002,80,32.7,13.6,5.2,1,0.8,1.3,0.497,0.392,0.71,7.3,0.134,grantje01,2019
Zach LaVine,23,CHI,0,1,500,0.002,63,34.5,23.7,4.7,4.5,1,0.4,0.467,0.374,0.832,2.8,0.062,lavinza01,2019
Josh Richardson,25,MIA,0,1,500,0.002,73,34.8,16.6,3.6,4.1,1.1,0.5,0.412,0.357,0.861,5.6,0.106,richajo01,2019
Derrick White,24,SAS,0,1,500,0.002,67,25.8,9.9,3.7,3.9,1,0.7,0.479,0.338,0.772,3.6,0.101,whitede01,2019
Brandon Ingram,22,NOP,42,326,500,0.652,62,33.9,23.8,6.1,4.2,1,0.6,0.463,0.391,0.851,5.1,0.115,ingrabr01,2020
Bam Adebayo,22,MIA,38,295,500,0.59,72,33.6,15.9,10.2,5.1,1.1,1.3,0.557,0.143,0.691,8.5,0.168,adebaba01,2020
Luka Don?i?,20,DAL,12,101,500,0.202,61,33.6,28.8,9.4,8.8,1,0.2,0.463,0.316,0.758,8.8,0.207,doncilu01,2020
Jayson Tatum,21,BOS,3,57,500,0.114,66,34.3,23.4,7,3,1.4,0.9,0.45,0.403,0.812,6.9,0.146,tatumja01,2020
Devonte' Graham,24,CHO,2,50,500,0.1,63,35.1,18.2,3.4,7.5,1,0.2,0.382,0.373,0.82,3.4,0.073,grahade01,2020
Shai Gilgeous-Alexander,21,OKC,0,21,500,0.042,70,34.7,19,5.9,3.3,1.1,0.7,0.471,0.347,0.807,6.1,0.121,gilgesh01,2020
Pascal Siakam,25,TOR,1,13,500,0.026,60,35.2,22.9,7.3,3.5,1,0.9,0.453,0.359,0.792,5.4,0.123,siakapa01,2020
Christian Wood,24,DET,1,11,500,0.022,62,21.4,13.1,6.3,1,0.5,0.9,0.567,0.386,0.744,5.1,0.183,woodch01,2020
Trae Young,21,ATL,0,10,500,0.02,60,35.3,29.6,4.3,9.3,1.1,0.1,0.437,0.361,0.86,5.9,0.133,youngtr01,2020
Fred VanVleet,25,TOR,1,6,500,0.012,54,35.7,17.6,3.8,6.6,1.9,0.3,0.413,0.39,0.848,5.8,0.145,vanvlfr01,2020
D?vis Bert?ns,27,WAS,0,3,500,0.006,54,29.3,15.4,4.5,1.7,0.7,0.6,0.434,0.424,0.852,3.5,0.107,bertada01,2020
Jaylen Brown,23,BOS,0,3,500,0.006,57,33.9,20.3,6.4,2.1,1.1,0.4,0.481,0.382,0.724,4.9,0.123,brownja02,2020
Markelle Fultz,21,ORL,0,2,500,0.004,72,27.7,12.1,3.3,5.1,1.3,0.2,0.465,0.267,0.73,2.7,0.065,fultzma01,2020
Spencer Dinwiddie,26,BRK,0,1,500,0.002,64,31.2,20.6,3.5,6.8,0.6,0.3,0.415,0.308,0.778,4.8,0.116,dinwisp01,2020
Duncan Robinson,25,MIA,0,1,500,0.002,73,29.7,13.5,3.2,1.4,0.5,0.3,0.47,0.446,0.931,5.3,0.118,robindu01,2020
Julius Randle,26,NYK,98,493,500,0.986,71,37.6,24.1,10.2,6,0.9,0.3,0.456,0.411,0.811,7.8,0.14,randlju01,2021
Jerami Grant,26,DET,2,140,500,0.28,54,33.9,22.3,4.6,2.8,0.6,1.1,0.429,0.35,0.845,3.2,0.083,grantje01,2021
Michael Porter Jr.,22,DEN,0,138,500,0.276,61,31.3,19,7.3,1.1,0.7,0.9,0.542,0.445,0.791,6.9,0.173,portemi01,2021
Christian Wood,25,HOU,0,44,500,0.088,41,32.3,21,9.6,1.7,0.8,1.2,0.514,0.374,0.631,2.8,0.1,woodch01,2021
Zach LaVine,25,CHI,0,20,500,0.04,58,35.1,27.4,5,4.9,0.8,0.5,0.507,0.419,0.849,5.9,0.138,lavinza01,2021
Chris Boucher,28,TOR,0,10,500,0.02,60,24.2,13.6,6.7,1.1,0.6,1.9,0.514,0.383,0.788,6.1,0.201,bouchch01,2021
Jaylen Brown,24,BOS,0,10,500,0.02,58,34.5,24.7,6,3.4,1.2,0.6,0.484,0.397,0.764,4.8,0.115,brownja02,2021
Mikal Bridges,24,PHO,0,8,500,0.016,72,32.6,13.5,4.3,2.1,1.1,0.9,0.543,0.425,0.84,8,0.164,bridgmi01,2021
Zion Williamson,20,NOP,0,6,500,0.012,61,33.2,27,7.2,3.7,0.9,0.6,0.611,0.294,0.698,8.7,0.205,willizi01,2021
Clint Capela,26,ATL,0,3,500,0.006,63,30.1,15.2,14.3,0.8,0.7,2,0.594,,0.573,8.2,0.207,capelca01,2021
Jordan Clarkson,28,UTA,0,3,500,0.006,68,26.7,18.4,4,2.5,0.9,0.1,0.425,0.347,0.896,4.2,0.111,clarkjo01,2021
Luguentz Dort,21,OKC,0,3,500,0.006,52,29.7,14,3.6,1.7,0.9,0.4,0.387,0.343,0.744,0.3,0.011,dortlu01,2021
Darius Garland,21,CLE,0,3,500,0.006,54,33.1,17.4,2.4,6.1,1.2,0.1,0.451,0.395,0.848,1.2,0.033,garlada01,2021
Jordan Poole,21,GSW,0,3,500,0.006,51,19.4,12,1.8,1.9,0.5,0.2,0.432,0.351,0.882,1.9,0.094,poolejo01,2021
Nikola Vu?evi?,30,TOT,0,3,500,0.006,70,33.5,23.4,11.7,3.8,0.9,0.7,0.477,0.4,0.84,6.3,0.129,vucevni01,2021
Kyle Anderson,27,MEM,0,2,500,0.004,69,27.3,12.4,5.7,3.6,1.2,0.8,0.468,0.36,0.783,5.6,0.143,anderky01,2021
RJ Barrett,20,NYK,0,2,500,0.004,72,34.9,17.6,5.8,3,0.7,0.3,0.441,0.401,0.746,4.1,0.078,barrerj01,2021
Miles Bridges,22,CHO,0,2,500,0.004,66,29.3,12.7,6,2.2,0.7,0.8,0.503,0.4,0.867,4.2,0.105,bridgmi02,2021
Lonzo Ball,23,NOP,0,1,500,0.002,55,31.8,14.6,4.8,5.7,1.5,0.6,0.414,0.378,0.781,3.2,0.089,balllo01,2021
Bojan Bogdanovi?,31,UTA,0,1,500,0.002,72,30.8,17,3.9,1.9,0.6,0.1,0.439,0.39,0.879,5.2,0.113,bogdabo02,2021
Shai Gilgeous-Alexander,22,OKC,0,1,500,0.002,35,33.7,23.7,4.7,5.9,0.8,0.7,0.508,0.418,0.808,3.5,0.143,gilgesh01,2021
Richaun Holmes,27,SAC,0,1,500,0.002,61,29.2,14.2,8.3,1.7,0.6,1.6,0.637,0.182,0.794,6.1,0.165,holmeri01,2021
T.J. McConnell,28,IND,0,1,500,0.002,69,26,8.6,3.7,6.6,1.9,0.3,0.559,0.313,0.688,4.8,0.128,mccontj01,2021
Terry Rozier,26,CHO,0,1,500,0.002,69,34.5,20.4,4.4,4.2,1.3,0.4,0.45,0.389,0.817,5.2,0.105,roziete01,2021
Andrew Wiggins,25,GSW,0,1,500,0.002,71,33.3,18.6,4.9,2.4,0.9,1,0.477,0.38,0.714,3.9,0.08,wiggian01,2021
Ja Morant,22,MEM,38,221,500,0.442,57,33.1,27.4,5.7,6.7,1.2,0.4,0.493,0.344,0.761,6.7,0.171,moranja01,2022
Dejounte Murray,25,SAS,20,183,500,0.366,68,34.8,21.1,8.3,9.2,2,0.3,0.462,0.327,0.794,7.3,0.149,murrade01,2022
Darius Garland,22,CLE,11,178,500,0.356,68,35.7,21.7,3.3,8.6,1.3,0.1,0.462,0.383,0.892,6.3,0.125,garlada01,2022
Jordan Poole,22,GSW,15,131,500,0.262,76,30,18.5,3.4,4,0.8,0.3,0.448,0.364,0.925,6,0.126,poolejo01,2022
Desmond Bane,23,MEM,7,74,500,0.148,76,29.8,18.2,4.4,2.7,1.2,0.4,0.461,0.436,0.903,7.2,0.153,banede01,2022
Tyrese Maxey,21,PHI,6,52,500,0.104,75,35.3,17.5,3.2,4.3,0.7,0.4,0.485,0.427,0.866,7.3,0.132,maxeyty01,2022
Miles Bridges,23,CHO,3,38,500,0.076,80,35.5,20.2,7,3.8,0.9,0.8,0.491,0.331,0.802,7.2,0.123,bridgmi02,2022
Anfernee Simons,22,POR,0,13,500,0.026,57,29.5,17.3,2.6,3.9,0.5,0.1,0.443,0.405,0.888,1.9,0.055,simonan01,2022
Robert Williams,24,BOS,0,4,500,0.008,61,29.6,10,9.6,2,0.9,2.2,0.736,0,0.722,9.9,0.262,williro04,2022
Jaren Jackson Jr.,22,MEM,0,3,500,0.006,78,27.3,16.3,5.8,1.1,0.9,2.3,0.415,0.319,0.823,5.4,0.121,jacksja02,2022
Jalen Brunson,25,DAL,0,2,500,0.004,79,31.9,16.3,3.9,4.8,0.8,0,0.502,0.373,0.84,7.5,0.143,brunsja01,2022
Max Strus,25,MIA,0,1,500,0.002,68,23.3,10.6,3,1.4,0.4,0.2,0.441,0.41,0.792,3.6,0.11,strusma01,2022
